"Date","Flow","Flow2","bg_fry","bg_juv","bg_adult","cc_fry","cc_juv","cc_spawn","cc_adult","gd_juv","gd_spawn","gd_adult","gs_fry","gs_juv","gs_spawn","gs_adult","smb_fry","smb_juv","smb_spawn","smb_inc","smb_adult","ws_fry","ws_juv","ws_spawn","ws_adult","month"
"X18968.8405346596",1930-01-01,18968.8405346596,18390.2625346596,NA,NA,NA,NA,NA,NA,NA,NA,NA,NA,NA,NA,NA,NA,NA,NA,NA,NA,NA,NA,NA,NA,NA,"Jan"
"X16087.4976686354",1930-01-02,16087.4976686354,15508.9196686354,NA,NA,NA,NA,NA,NA,NA,NA,NA,NA,NA,NA,NA,NA,NA,NA,NA,NA,NA,NA,NA,NA,NA,"Jan"
"X14286.6583773702",1930-01-03,14286.6583773702,13708.0803773702,NA,NA,NA,NA,NA,NA,NA,NA,NA,NA,NA,NA,NA,NA,NA,NA,NA,NA,NA,NA,NA,NA,NA,"Jan"
"X13206.1548026111",1930-01-04,13206.1548026111,12627.5768026111,NA,NA,NA,NA,NA,NA,NA,NA,NA,NA,NA,NA,NA,NA,NA,NA,NA,NA,NA,NA,NA,NA,NA,"Jan"
"X12365.7631333541",1930-01-05,12365.7631333541,11787.1851333541,NA,NA,NA,NA,NA,NA,NA,NA,NA,NA,NA,NA,NA,NA,NA,NA,NA,NA,NA,NA,NA,NA,NA,"Jan"
"X11573.3938451974",1930-01-06,11573.3938451974,10994.8158451974,NA,NA,NA,NA,NA,NA,NA,NA,NA,NA,NA,NA,NA,NA,NA,NA,NA,NA,NA,NA,NA,NA,NA,"Jan"
"X10300.8007460367",1930-01-07,10300.8007460367,9722.22274603668,NA,NA,NA,NA,NA,NA,NA,NA,NA,NA,NA,NA,NA,NA,NA,NA,NA,NA,NA,NA,NA,NA,NA,"Jan"
"X9568.45943425552",1930-01-08,9568.45943425552,8989.88143425552,NA,NA,NA,NA,NA,NA,NA,NA,NA,NA,NA,NA,NA,NA,NA,NA,NA,NA,NA,NA,NA,NA,NA,"Jan"
"X9076.23002797638",1930-01-09,9076.23002797638,8497.65202797638,NA,NA,NA,NA,NA,NA,NA,NA,NA,NA,NA,NA,NA,NA,NA,NA,NA,NA,NA,NA,NA,NA,NA,"Jan"
"X9076.23002797638.1",1930-01-10,9076.23002797638,8497.65202797638,NA,NA,NA,NA,NA,NA,NA,NA,NA,NA,NA,NA,NA,NA,NA,NA,NA,NA,NA,NA,NA,NA,NA,"Jan"
"X8355.89431147031",1930-01-11,8355.89431147031,7777.31631147031,NA,NA,NA,NA,NA,NA,NA,NA,NA,NA,NA,NA,NA,NA,NA,NA,NA,NA,NA,NA,NA,NA,NA,"Jan"
"X7875.67050046627",1930-01-12,7875.67050046627,7297.09250046627,NA,NA,NA,NA,NA,NA,NA,NA,NA,NA,NA,NA,NA,NA,NA,NA,NA,NA,NA,NA,NA,NA,NA,"Jan"
"X7647.56419023935",1930-01-13,7647.56419023935,7068.98619023935,NA,NA,NA,NA,NA,NA,NA,NA,NA,NA,NA,NA,NA,NA,NA,NA,NA,NA,NA,NA,NA,NA,NA,"Jan"
"X6939.23406900839",1930-01-14,6939.23406900839,6360.65606900839,NA,NA,NA,NA,NA,NA,NA,NA,NA,NA,NA,NA,NA,NA,NA,NA,NA,NA,NA,NA,NA,NA,NA,"Jan"
"X7875.67050046627.1",1930-01-15,7875.67050046627,7297.09250046627,NA,NA,NA,NA,NA,NA,NA,NA,NA,NA,NA,NA,NA,NA,NA,NA,NA,NA,NA,NA,NA,NA,NA,"Jan"
"X8115.78240596829",1930-01-16,8115.78240596829,7537.20440596829,NA,NA,NA,NA,NA,NA,NA,NA,NA,NA,NA,NA,NA,NA,NA,NA,NA,NA,NA,NA,NA,NA,NA,"Jan"
"X7419.45788001243",1930-01-17,7419.45788001243,6840.87988001244,NA,NA,NA,NA,NA,NA,NA,NA,NA,NA,NA,NA,NA,NA,NA,NA,NA,NA,NA,NA,NA,NA,NA,"Jan"
"X7179.34597451041",1930-01-18,7179.34597451041,6600.76797451041,NA,NA,NA,NA,NA,NA,NA,NA,NA,NA,NA,NA,NA,NA,NA,NA,NA,NA,NA,NA,NA,NA,NA,"Jan"
"X6711.12775878147",1930-01-19,6711.12775878147,6132.54975878147,NA,NA,NA,NA,NA,NA,NA,NA,NA,NA,NA,NA,NA,NA,NA,NA,NA,NA,NA,NA,NA,NA,NA,"Jan"
"X5726.66894622319",1930-01-20,5726.66894622319,5148.09094622319,NA,NA,NA,NA,NA,NA,NA,NA,NA,NA,NA,NA,NA,NA,NA,NA,NA,NA,NA,NA,NA,NA,NA,"Jan"
"X5078.36680136773",1930-01-21,5078.36680136773,4499.78880136773,NA,NA,NA,NA,NA,NA,NA,NA,NA,NA,NA,NA,NA,NA,NA,NA,NA,NA,NA,NA,NA,NA,NA,"Jan"
"X5546.58501709667",1930-01-22,5546.58501709667,4968.00701709667,NA,NA,NA,NA,NA,NA,NA,NA,NA,NA,NA,NA,NA,NA,NA,NA,NA,NA,NA,NA,NA,NA,NA,"Jan"
"X5810.7081131489",1930-01-23,5810.7081131489,5232.1301131489,NA,NA,NA,NA,NA,NA,NA,NA,NA,NA,NA,NA,NA,NA,NA,NA,NA,NA,NA,NA,NA,NA,NA,"Jan"
"X5210.42834939385",1930-01-24,5210.42834939385,4631.85034939385,NA,NA,NA,NA,NA,NA,NA,NA,NA,NA,NA,NA,NA,NA,NA,NA,NA,NA,NA,NA,NA,NA,NA,"Jan"
"X5294.46751631955",1930-01-25,5294.46751631955,4715.88951631955,NA,NA,NA,NA,NA,NA,NA,NA,NA,NA,NA,NA,NA,NA,NA,NA,NA,NA,NA,NA,NA,NA,NA,"Jan"
"X5294.46751631955.1",1930-01-26,5294.46751631955,4715.88951631955,NA,NA,NA,NA,NA,NA,NA,NA,NA,NA,NA,NA,NA,NA,NA,NA,NA,NA,NA,NA,NA,NA,NA,"Jan"
"X5726.66894622319.1",1930-01-27,5726.66894622319,5148.09094622319,NA,NA,NA,NA,NA,NA,NA,NA,NA,NA,NA,NA,NA,NA,NA,NA,NA,NA,NA,NA,NA,NA,NA,"Jan"
"X5042.35001554243",1930-01-28,5042.35001554243,4463.77201554243,NA,NA,NA,NA,NA,NA,NA,NA,NA,NA,NA,NA,NA,NA,NA,NA,NA,NA,NA,NA,NA,NA,NA,"Jan"
"X5162.40596829344",1930-01-29,5162.40596829344,4583.82796829344,NA,NA,NA,NA,NA,NA,NA,NA,NA,NA,NA,NA,NA,NA,NA,NA,NA,NA,NA,NA,NA,NA,NA,"Jan"
"X4994.32763444203",1930-01-30,4994.32763444203,4415.74963444203,NA,NA,NA,NA,NA,NA,NA,NA,NA,NA,NA,NA,NA,NA,NA,NA,NA,NA,NA,NA,NA,NA,NA,"Jan"
"X4550.12060926329",1930-01-31,4550.12060926329,3971.54260926329,NA,NA,NA,NA,NA,NA,NA,NA,NA,NA,NA,NA,NA,NA,NA,NA,NA,NA,NA,NA,NA,NA,NA,"Jan"
"X4478.08703761268",1930-02-01,4478.08703761268,3956.74803761268,NA,NA,NA,NA,NA,NA,NA,NA,NA,NA,NA,NA,NA,NA,NA,NA,NA,NA,NA,NA,NA,NA,NA,"Feb"
"X4754.21572894001",1930-02-02,4754.21572894001,4232.87672894001,NA,NA,NA,NA,NA,NA,NA,NA,NA,NA,NA,NA,NA,NA,NA,NA,NA,NA,NA,NA,NA,NA,NA,"Feb"
"X5462.54585017097",1930-02-03,5462.54585017097,4941.20685017097,NA,NA,NA,NA,NA,NA,NA,NA,NA,NA,NA,NA,NA,NA,NA,NA,NA,NA,NA,NA,NA,NA,NA,"Feb"
"X6483.02144855455",1930-02-04,6483.02144855455,5961.68244855455,NA,NA,NA,NA,NA,NA,NA,NA,NA,NA,NA,NA,NA,NA,NA,NA,NA,NA,NA,NA,NA,NA,NA,"Feb"
"X12245.707180603",1930-02-05,12245.707180603,11724.368180603,NA,NA,NA,NA,NA,NA,NA,NA,NA,NA,NA,NA,NA,NA,NA,NA,NA,NA,NA,NA,NA,NA,NA,"Feb"
"X25331.8060304632",1930-02-06,25331.8060304632,24810.4670304632,NA,NA,NA,NA,NA,NA,NA,NA,NA,NA,NA,NA,NA,NA,NA,NA,NA,NA,NA,NA,NA,NA,NA,"Feb"
"X25331.8060304632.1",1930-02-07,25331.8060304632,24810.4670304632,NA,NA,NA,NA,NA,NA,NA,NA,NA,NA,NA,NA,NA,NA,NA,NA,NA,NA,NA,NA,NA,NA,NA,"Feb"
"X19689.1762511657",1930-02-08,19689.1762511657,19167.8372511657,NA,NA,NA,NA,NA,NA,NA,NA,NA,NA,NA,NA,NA,NA,NA,NA,NA,NA,NA,NA,NA,NA,NA,"Feb"
"X16087.4976686354.1",1930-02-09,16087.4976686354,15566.1586686354,NA,NA,NA,NA,NA,NA,NA,NA,NA,NA,NA,NA,NA,NA,NA,NA,NA,NA,NA,NA,NA,NA,NA,"Feb"
"X13806.4345663662",1930-02-10,13806.4345663662,13285.0955663662,NA,NA,NA,NA,NA,NA,NA,NA,NA,NA,NA,NA,NA,NA,NA,NA,NA,NA,NA,NA,NA,NA,NA,"Feb"
"X12125.651227852",1930-02-11,12125.651227852,11604.312227852,NA,NA,NA,NA,NA,NA,NA,NA,NA,NA,NA,NA,NA,NA,NA,NA,NA,NA,NA,NA,NA,NA,NA,"Feb"
"X10805.0357475909",1930-02-12,10805.0357475909,10283.6967475909,NA,NA,NA,NA,NA,NA,NA,NA,NA,NA,NA,NA,NA,NA,NA,NA,NA,NA,NA,NA,NA,NA,NA,"Feb"
"X10300.8007460367.1",1930-02-13,10300.8007460367,9779.46174603668,NA,NA,NA,NA,NA,NA,NA,NA,NA,NA,NA,NA,NA,NA,NA,NA,NA,NA,NA,NA,NA,NA,NA,"Feb"
"X10300.8007460367.2",1930-02-14,10300.8007460367,9779.46174603668,NA,NA,NA,NA,NA,NA,NA,NA,NA,NA,NA,NA,NA,NA,NA,NA,NA,NA,NA,NA,NA,NA,NA,"Feb"
"X10300.8007460367.3",1930-02-15,10300.8007460367,9779.46174603668,NA,NA,NA,NA,NA,NA,NA,NA,NA,NA,NA,NA,NA,NA,NA,NA,NA,NA,NA,NA,NA,NA,NA,"Feb"
"X10300.8007460367.4",1930-02-16,10300.8007460367,9779.46174603668,NA,NA,NA,NA,NA,NA,NA,NA,NA,NA,NA,NA,NA,NA,NA,NA,NA,NA,NA,NA,NA,NA,NA,"Feb"
"X9568.45943425552.1",1930-02-17,9568.45943425552,9047.12043425552,NA,NA,NA,NA,NA,NA,NA,NA,NA,NA,NA,NA,NA,NA,NA,NA,NA,NA,NA,NA,NA,NA,NA,"Feb"
"X8355.89431147031.1",1930-02-18,8355.89431147031,7834.55531147031,NA,NA,NA,NA,NA,NA,NA,NA,NA,NA,NA,NA,NA,NA,NA,NA,NA,NA,NA,NA,NA,NA,NA,"Feb"
"X8596.00621697234",1930-02-19,8596.00621697234,8074.66721697234,NA,NA,NA,NA,NA,NA,NA,NA,NA,NA,NA,NA,NA,NA,NA,NA,NA,NA,NA,NA,NA,NA,NA,"Feb"
"X8355.89431147031.2",1930-02-20,8355.89431147031,7834.55531147031,NA,NA,NA,NA,NA,NA,NA,NA,NA,NA,NA,NA,NA,NA,NA,NA,NA,NA,NA,NA,NA,NA,NA,"Feb"
"X8355.89431147031.3",1930-02-21,8355.89431147031,7834.55531147031,NA,NA,NA,NA,NA,NA,NA,NA,NA,NA,NA,NA,NA,NA,NA,NA,NA,NA,NA,NA,NA,NA,NA,"Feb"
"X8115.78240596829.1",1930-02-22,8115.78240596829,7594.44340596829,NA,NA,NA,NA,NA,NA,NA,NA,NA,NA,NA,NA,NA,NA,NA,NA,NA,NA,NA,NA,NA,NA,NA,"Feb"
"X8115.78240596829.2",1930-02-23,8115.78240596829,7594.44340596829,NA,NA,NA,NA,NA,NA,NA,NA,NA,NA,NA,NA,NA,NA,NA,NA,NA,NA,NA,NA,NA,NA,NA,"Feb"
"X7875.67050046627.2",1930-02-24,7875.67050046627,7354.33150046627,NA,NA,NA,NA,NA,NA,NA,NA,NA,NA,NA,NA,NA,NA,NA,NA,NA,NA,NA,NA,NA,NA,NA,"Feb"
"X7419.45788001243.1",1930-02-25,7419.45788001243,6898.11888001243,NA,NA,NA,NA,NA,NA,NA,NA,NA,NA,NA,NA,NA,NA,NA,NA,NA,NA,NA,NA,NA,NA,NA,"Feb"
"X8355.89431147031.4",1930-02-26,8355.89431147031,7834.55531147031,NA,NA,NA,NA,NA,NA,NA,NA,NA,NA,NA,NA,NA,NA,NA,NA,NA,NA,NA,NA,NA,NA,NA,"Feb"
"X10060.6888405347",1930-02-27,10060.6888405347,9539.34984053466,NA,NA,NA,NA,NA,NA,NA,NA,NA,NA,NA,NA,NA,NA,NA,NA,NA,NA,NA,NA,NA,NA,NA,"Feb"
"X10552.9182468138",1930-02-28,10552.9182468138,10031.5792468138,NA,NA,NA,NA,NA,NA,NA,NA,NA,NA,NA,NA,NA,NA,NA,NA,NA,NA,NA,NA,NA,NA,NA,"Feb"
"X9568.45943425552.2",1930-03-01,9568.45943425552,9044.02643425552,NA,NA,NA,NA,NA,NA,NA,NA,NA,NA,NA,NA,NA,NA,NA,NA,NA,NA,NA,NA,NA,NA,NA,"Mar"
"X9568.45943425552.3",1930-03-02,9568.45943425552,9044.02643425552,NA,NA,NA,NA,NA,NA,NA,NA,NA,NA,NA,NA,NA,NA,NA,NA,NA,NA,NA,NA,NA,NA,NA,"Mar"
"X8836.11812247436",1930-03-03,8836.11812247436,8311.68512247436,NA,NA,NA,NA,NA,NA,NA,NA,NA,NA,NA,NA,NA,NA,NA,NA,NA,NA,NA,NA,NA,NA,NA,"Mar"
"X8115.78240596829.3",1930-03-04,8115.78240596829,7591.34940596829,NA,NA,NA,NA,NA,NA,NA,NA,NA,NA,NA,NA,NA,NA,NA,NA,NA,NA,NA,NA,NA,NA,NA,"Mar"
"X7647.56419023935.1",1930-03-05,7647.56419023935,7123.13119023935,NA,NA,NA,NA,NA,NA,NA,NA,NA,NA,NA,NA,NA,NA,NA,NA,NA,NA,NA,NA,NA,NA,NA,"Mar"
"X7419.45788001243.2",1930-03-06,7419.45788001243,6895.02488001243,NA,NA,NA,NA,NA,NA,NA,NA,NA,NA,NA,NA,NA,NA,NA,NA,NA,NA,NA,NA,NA,NA,NA,"Mar"
"X7935.69847684178",1930-03-07,7935.69847684178,7411.26547684178,NA,NA,NA,NA,NA,NA,NA,NA,NA,NA,NA,NA,NA,NA,NA,NA,NA,NA,NA,NA,NA,NA,NA,"Mar"
"X18368.5607709046",1930-03-08,18368.5607709046,17844.1277709046,NA,NA,NA,NA,NA,NA,NA,NA,NA,NA,NA,NA,NA,NA,NA,NA,NA,NA,NA,NA,NA,NA,NA,"Mar"
"X31934.8834317687",1930-03-09,31934.8834317687,31410.4504317687,NA,NA,NA,NA,NA,NA,NA,NA,NA,NA,NA,NA,NA,NA,NA,NA,NA,NA,NA,NA,NA,NA,NA,"Mar"
"X29893.9322350016",1930-03-10,29893.9322350016,29369.4992350016,NA,NA,NA,NA,NA,NA,NA,NA,NA,NA,NA,NA,NA,NA,NA,NA,NA,NA,NA,NA,NA,NA,NA,"Mar"
"X24731.5262667081",1930-03-11,24731.5262667081,24207.0932667081,NA,NA,NA,NA,NA,NA,NA,NA,NA,NA,NA,NA,NA,NA,NA,NA,NA,NA,NA,NA,NA,NA,NA,"Mar"
"X20889.7357786758",1930-03-12,20889.7357786758,20365.3027786758,NA,NA,NA,NA,NA,NA,NA,NA,NA,NA,NA,NA,NA,NA,NA,NA,NA,NA,NA,NA,NA,NA,NA,"Mar"
"X18968.8405346596.1",1930-03-13,18968.8405346596,18444.4075346596,NA,NA,NA,NA,NA,NA,NA,NA,NA,NA,NA,NA,NA,NA,NA,NA,NA,NA,NA,NA,NA,NA,NA,"Mar"
"X17168.0012433945",1930-03-14,17168.0012433945,16643.5682433945,NA,NA,NA,NA,NA,NA,NA,NA,NA,NA,NA,NA,NA,NA,NA,NA,NA,NA,NA,NA,NA,NA,NA,"Mar"
"X15487.2179048803",1930-03-15,15487.2179048803,14962.7849048803,NA,NA,NA,NA,NA,NA,NA,NA,NA,NA,NA,NA,NA,NA,NA,NA,NA,NA,NA,NA,NA,NA,NA,"Mar"
"X14046.5464718682",1930-03-16,14046.5464718682,13522.1134718682,NA,NA,NA,NA,NA,NA,NA,NA,NA,NA,NA,NA,NA,NA,NA,NA,NA,NA,NA,NA,NA,NA,NA,"Mar"
"X13206.1548026111.1",1930-03-17,13206.1548026111,12681.7218026111,NA,NA,NA,NA,NA,NA,NA,NA,NA,NA,NA,NA,NA,NA,NA,NA,NA,NA,NA,NA,NA,NA,NA,"Mar"
"X12125.651227852.1",1930-03-18,12125.651227852,11601.218227852,NA,NA,NA,NA,NA,NA,NA,NA,NA,NA,NA,NA,NA,NA,NA,NA,NA,NA,NA,NA,NA,NA,NA,"Mar"
"X12125.651227852.2",1930-03-19,12125.651227852,11601.218227852,NA,NA,NA,NA,NA,NA,NA,NA,NA,NA,NA,NA,NA,NA,NA,NA,NA,NA,NA,NA,NA,NA,NA,"Mar"
"X11573.3938451974.1",1930-03-20,11573.3938451974,11048.9608451974,NA,NA,NA,NA,NA,NA,NA,NA,NA,NA,NA,NA,NA,NA,NA,NA,NA,NA,NA,NA,NA,NA,NA,"Mar"
"X12605.8750388561",1930-03-21,12605.8750388561,12081.4420388561,NA,NA,NA,NA,NA,NA,NA,NA,NA,NA,NA,NA,NA,NA,NA,NA,NA,NA,NA,NA,NA,NA,NA,"Mar"
"X12365.7631333541.1",1930-03-22,12365.7631333541,11841.3301333541,NA,NA,NA,NA,NA,NA,NA,NA,NA,NA,NA,NA,NA,NA,NA,NA,NA,NA,NA,NA,NA,NA,NA,"Mar"
"X10805.0357475909.1",1930-03-23,10805.0357475909,10280.6027475909,NA,NA,NA,NA,NA,NA,NA,NA,NA,NA,NA,NA,NA,NA,NA,NA,NA,NA,NA,NA,NA,NA,NA,"Mar"
"X9820.57693503264",1930-03-24,9820.57693503264,9296.14393503264,NA,NA,NA,NA,NA,NA,NA,NA,NA,NA,NA,NA,NA,NA,NA,NA,NA,NA,NA,NA,NA,NA,NA,"Mar"
"X8836.11812247436.1",1930-03-25,8836.11812247436,8311.68512247436,NA,NA,NA,NA,NA,NA,NA,NA,NA,NA,NA,NA,NA,NA,NA,NA,NA,NA,NA,NA,NA,NA,NA,"Mar"
"X9076.23002797638.2",1930-03-26,9076.23002797638,8551.79702797638,NA,NA,NA,NA,NA,NA,NA,NA,NA,NA,NA,NA,NA,NA,NA,NA,NA,NA,NA,NA,NA,NA,NA,"Mar"
"X9316.3419334784",1930-03-27,9316.3419334784,8791.9089334784,NA,NA,NA,NA,NA,NA,NA,NA,NA,NA,NA,NA,NA,NA,NA,NA,NA,NA,NA,NA,NA,NA,NA,"Mar"
"X9316.3419334784.1",1930-03-28,9316.3419334784,8791.9089334784,NA,NA,NA,NA,NA,NA,NA,NA,NA,NA,NA,NA,NA,NA,NA,NA,NA,NA,NA,NA,NA,NA,NA,"Mar"
"X8596.00621697234.1",1930-03-29,8596.00621697234,8071.57321697234,NA,NA,NA,NA,NA,NA,NA,NA,NA,NA,NA,NA,NA,NA,NA,NA,NA,NA,NA,NA,NA,NA,NA,"Mar"
"X8115.78240596829.4",1930-03-30,8115.78240596829,7591.34940596829,NA,NA,NA,NA,NA,NA,NA,NA,NA,NA,NA,NA,NA,NA,NA,NA,NA,NA,NA,NA,NA,NA,NA,"Mar"
"X7419.45788001243.3",1930-03-31,7419.45788001243,6895.02488001243,NA,NA,NA,NA,NA,NA,NA,NA,NA,NA,NA,NA,NA,NA,NA,NA,NA,NA,NA,NA,NA,NA,NA,"Mar"
"X6939.23406900839.1",1930-04-01,6939.23406900839,6394.69006900839,NA,NA,NA,NA,NA,NA,NA,NA,NA,NA,NA,NA,NA,NA,NA,NA,NA,NA,NA,NA,NA,NA,NA,"Apr"
"X6939.23406900839.2",1930-04-02,6939.23406900839,6394.69006900839,NA,NA,NA,NA,NA,NA,NA,NA,NA,NA,NA,NA,NA,NA,NA,NA,NA,NA,NA,NA,NA,NA,NA,"Apr"
"X6483.02144855455.1",1930-04-03,6483.02144855455,5938.47744855455,NA,NA,NA,NA,NA,NA,NA,NA,NA,NA,NA,NA,NA,NA,NA,NA,NA,NA,NA,NA,NA,NA,NA,"Apr"
"X6254.91513832763",1930-04-04,6254.91513832763,5710.37113832763,NA,NA,NA,NA,NA,NA,NA,NA,NA,NA,NA,NA,NA,NA,NA,NA,NA,NA,NA,NA,NA,NA,NA,"Apr"
"X6483.02144855455.2",1930-04-05,6483.02144855455,5938.47744855455,NA,NA,NA,NA,NA,NA,NA,NA,NA,NA,NA,NA,NA,NA,NA,NA,NA,NA,NA,NA,NA,NA,NA,"Apr"
"X7419.45788001243.4",1930-04-06,7419.45788001243,6874.91388001243,NA,NA,NA,NA,NA,NA,NA,NA,NA,NA,NA,NA,NA,NA,NA,NA,NA,NA,NA,NA,NA,NA,NA,"Apr"
"X10552.9182468138.1",1930-04-07,10552.9182468138,10008.3742468138,NA,NA,NA,NA,NA,NA,NA,NA,NA,NA,NA,NA,NA,NA,NA,NA,NA,NA,NA,NA,NA,NA,NA,"Apr"
"X14286.6583773702.1",1930-04-08,14286.6583773702,13742.1143773702,NA,NA,NA,NA,NA,NA,NA,NA,NA,NA,NA,NA,NA,NA,NA,NA,NA,NA,NA,NA,NA,NA,NA,"Apr"
"X15127.0500466273",1930-04-09,15127.0500466273,14582.5060466273,NA,NA,NA,NA,NA,NA,NA,NA,NA,NA,NA,NA,NA,NA,NA,NA,NA,NA,NA,NA,NA,NA,NA,"Apr"
"X15487.2179048803.1",1930-04-10,15487.2179048803,14942.6739048803,NA,NA,NA,NA,NA,NA,NA,NA,NA,NA,NA,NA,NA,NA,NA,NA,NA,NA,NA,NA,NA,NA,NA,"Apr"
"X13806.4345663662.1",1930-04-11,13806.4345663662,13261.8905663662,NA,NA,NA,NA,NA,NA,NA,NA,NA,NA,NA,NA,NA,NA,NA,NA,NA,NA,NA,NA,NA,NA,NA,"Apr"
"X12365.7631333541.2",1930-04-12,12365.7631333541,11821.2191333541,NA,NA,NA,NA,NA,NA,NA,NA,NA,NA,NA,NA,NA,NA,NA,NA,NA,NA,NA,NA,NA,NA,NA,"Apr"
"X11309.2707491452",1930-04-13,11309.2707491452,10764.7267491452,NA,NA,NA,NA,NA,NA,NA,NA,NA,NA,NA,NA,NA,NA,NA,NA,NA,NA,NA,NA,NA,NA,NA,"Apr"
"X10300.8007460367.5",1930-04-14,10300.8007460367,9756.25674603668,NA,NA,NA,NA,NA,NA,NA,NA,NA,NA,NA,NA,NA,NA,NA,NA,NA,NA,NA,NA,NA,NA,NA,"Apr"
"X9316.3419334784.2",1930-04-15,9316.3419334784,8771.7979334784,NA,NA,NA,NA,NA,NA,NA,NA,NA,NA,NA,NA,NA,NA,NA,NA,NA,NA,NA,NA,NA,NA,NA,"Apr"
"X9076.23002797638.3",1930-04-16,9076.23002797638,8531.68602797638,NA,NA,NA,NA,NA,NA,NA,NA,NA,NA,NA,NA,NA,NA,NA,NA,NA,NA,NA,NA,NA,NA,NA,"Apr"
"X8596.00621697234.2",1930-04-17,8596.00621697234,8051.46221697234,NA,NA,NA,NA,NA,NA,NA,NA,NA,NA,NA,NA,NA,NA,NA,NA,NA,NA,NA,NA,NA,NA,NA,"Apr"
"X8115.78240596829.5",1930-04-18,8115.78240596829,7571.23840596829,NA,NA,NA,NA,NA,NA,NA,NA,NA,NA,NA,NA,NA,NA,NA,NA,NA,NA,NA,NA,NA,NA,NA,"Apr"
"X7875.67050046627.3",1930-04-19,7875.67050046627,7331.12650046627,NA,NA,NA,NA,NA,NA,NA,NA,NA,NA,NA,NA,NA,NA,NA,NA,NA,NA,NA,NA,NA,NA,NA,"Apr"
"X8115.78240596829.6",1930-04-20,8115.78240596829,7571.23840596829,NA,NA,NA,NA,NA,NA,NA,NA,NA,NA,NA,NA,NA,NA,NA,NA,NA,NA,NA,NA,NA,NA,NA,"Apr"
"X7647.56419023935.2",1930-04-21,7647.56419023935,7103.02019023935,NA,NA,NA,NA,NA,NA,NA,NA,NA,NA,NA,NA,NA,NA,NA,NA,NA,NA,NA,NA,NA,NA,NA,"Apr"
"X7647.56419023935.3",1930-04-22,7647.56419023935,7103.02019023935,NA,NA,NA,NA,NA,NA,NA,NA,NA,NA,NA,NA,NA,NA,NA,NA,NA,NA,NA,NA,NA,NA,NA,"Apr"
"X7875.67050046627.4",1930-04-23,7875.67050046627,7331.12650046627,NA,NA,NA,NA,NA,NA,NA,NA,NA,NA,NA,NA,NA,NA,NA,NA,NA,NA,NA,NA,NA,NA,NA,"Apr"
"X9076.23002797638.4",1930-04-24,9076.23002797638,8531.68602797638,NA,NA,NA,NA,NA,NA,NA,NA,NA,NA,NA,NA,NA,NA,NA,NA,NA,NA,NA,NA,NA,NA,NA,"Apr"
"X8836.11812247436.2",1930-04-25,8836.11812247436,8291.57412247436,NA,NA,NA,NA,NA,NA,NA,NA,NA,NA,NA,NA,NA,NA,NA,NA,NA,NA,NA,NA,NA,NA,NA,"Apr"
"X8115.78240596829.7",1930-04-26,8115.78240596829,7571.23840596829,NA,NA,NA,NA,NA,NA,NA,NA,NA,NA,NA,NA,NA,NA,NA,NA,NA,NA,NA,NA,NA,NA,NA,"Apr"
"X7647.56419023935.4",1930-04-27,7647.56419023935,7103.02019023935,NA,NA,NA,NA,NA,NA,NA,NA,NA,NA,NA,NA,NA,NA,NA,NA,NA,NA,NA,NA,NA,NA,NA,"Apr"
"X6939.23406900839.3",1930-04-28,6939.23406900839,6394.69006900839,NA,NA,NA,NA,NA,NA,NA,NA,NA,NA,NA,NA,NA,NA,NA,NA,NA,NA,NA,NA,NA,NA,NA,"Apr"
"X6483.02144855455.3",1930-04-29,6483.02144855455,5938.47744855455,NA,NA,NA,NA,NA,NA,NA,NA,NA,NA,NA,NA,NA,NA,NA,NA,NA,NA,NA,NA,NA,NA,NA,"Apr"
"X6026.80882810071",1930-04-30,6026.80882810071,5482.26482810072,NA,NA,NA,NA,NA,NA,NA,NA,NA,NA,NA,NA,NA,NA,NA,NA,NA,NA,NA,NA,NA,NA,NA,"Apr"
"X6026.80882810071.1",1930-05-01,6026.80882810071,5445.13682810071,NA,NA,NA,NA,NA,NA,NA,NA,NA,NA,NA,NA,NA,NA,NA,NA,NA,NA,NA,NA,NA,NA,NA,"May"
"X5810.7081131489.1",1930-05-02,5810.7081131489,5229.0361131489,NA,NA,NA,NA,NA,NA,NA,NA,NA,NA,NA,NA,NA,NA,NA,NA,NA,NA,NA,NA,NA,NA,NA,"May"
"X5678.64656512279",1930-05-03,5678.64656512279,5096.97456512279,NA,NA,NA,NA,NA,NA,NA,NA,NA,NA,NA,NA,NA,NA,NA,NA,NA,NA,NA,NA,NA,NA,NA,"May"
"X5762.68573204849",1930-05-04,5762.68573204849,5181.01373204849,NA,NA,NA,NA,NA,NA,NA,NA,NA,NA,NA,NA,NA,NA,NA,NA,NA,NA,NA,NA,NA,NA,NA,"May"
"X5330.48430214486",1930-05-05,5330.48430214486,4748.81230214486,NA,NA,NA,NA,NA,NA,NA,NA,NA,NA,NA,NA,NA,NA,NA,NA,NA,NA,NA,NA,NA,NA,NA,"May"
"X5090.37239664284",1930-05-06,5090.37239664284,4508.70039664283,NA,NA,NA,NA,NA,NA,NA,NA,NA,NA,NA,NA,NA,NA,NA,NA,NA,NA,NA,NA,NA,NA,NA,"May"
"X4514.10382343799",1930-05-07,4514.10382343799,3932.43182343799,NA,NA,NA,NA,NA,NA,NA,NA,NA,NA,NA,NA,NA,NA,NA,NA,NA,NA,NA,NA,NA,NA,NA,"May"
"X4718.1989431147",1930-05-08,4718.1989431147,4136.5269431147,NA,NA,NA,NA,NA,NA,NA,NA,NA,NA,NA,NA,NA,NA,NA,NA,NA,NA,NA,NA,NA,NA,NA,"May"
"X4586.13739508859",1930-05-09,4586.13739508859,4004.46539508859,NA,NA,NA,NA,NA,NA,NA,NA,NA,NA,NA,NA,NA,NA,NA,NA,NA,NA,NA,NA,NA,NA,NA,"May"
"X4478.08703761268.1",1930-05-10,4478.08703761268,3896.41503761268,NA,NA,NA,NA,NA,NA,NA,NA,NA,NA,NA,NA,NA,NA,NA,NA,NA,NA,NA,NA,NA,NA,NA,"May"
"X4237.97513211066",1930-05-11,4237.97513211066,3656.30313211066,NA,NA,NA,NA,NA,NA,NA,NA,NA,NA,NA,NA,NA,NA,NA,NA,NA,NA,NA,NA,NA,NA,NA,"May"
"X3781.76251165682",1930-05-12,3781.76251165682,3200.09051165682,NA,NA,NA,NA,NA,NA,NA,NA,NA,NA,NA,NA,NA,NA,NA,NA,NA,NA,NA,NA,NA,NA,NA,"May"
"X3781.76251165682.1",1930-05-13,3781.76251165682,3200.09051165682,NA,NA,NA,NA,NA,NA,NA,NA,NA,NA,NA,NA,NA,NA,NA,NA,NA,NA,NA,NA,NA,NA,NA,"May"
"X3517.6394156046",1930-05-14,3517.6394156046,2935.9674156046,NA,NA,NA,NA,NA,NA,NA,NA,NA,NA,NA,NA,NA,NA,NA,NA,NA,NA,NA,NA,NA,NA,NA,"May"
"X3637.69536835561",1930-05-15,3637.69536835561,3056.02336835561,NA,NA,NA,NA,NA,NA,NA,NA,NA,NA,NA,NA,NA,NA,NA,NA,NA,NA,NA,NA,NA,NA,NA,"May"
"X3637.69536835561.1",1930-05-16,3637.69536835561,3056.02336835561,NA,NA,NA,NA,NA,NA,NA,NA,NA,NA,NA,NA,NA,NA,NA,NA,NA,NA,NA,NA,NA,NA,NA,"May"
"X3817.77929748213",1930-05-17,3817.77929748213,3236.10729748213,NA,NA,NA,NA,NA,NA,NA,NA,NA,NA,NA,NA,NA,NA,NA,NA,NA,NA,NA,NA,NA,NA,NA,"May"
"X3553.6562014299",1930-05-18,3553.6562014299,2971.9842014299,NA,NA,NA,NA,NA,NA,NA,NA,NA,NA,NA,NA,NA,NA,NA,NA,NA,NA,NA,NA,NA,NA,NA,"May"
"X3445.60584395399",1930-05-19,3445.60584395399,2863.93384395399,NA,NA,NA,NA,NA,NA,NA,NA,NA,NA,NA,NA,NA,NA,NA,NA,NA,NA,NA,NA,NA,NA,NA,"May"
"X3745.74572583152",1930-05-20,3745.74572583152,3164.07372583152,NA,NA,NA,NA,NA,NA,NA,NA,NA,NA,NA,NA,NA,NA,NA,NA,NA,NA,NA,NA,NA,NA,NA,"May"
"X3517.6394156046.1",1930-05-21,3517.6394156046,2935.9674156046,NA,NA,NA,NA,NA,NA,NA,NA,NA,NA,NA,NA,NA,NA,NA,NA,NA,NA,NA,NA,NA,NA,NA,"May"
"X3301.53870065278",1930-05-22,3301.53870065278,2719.86670065278,NA,NA,NA,NA,NA,NA,NA,NA,NA,NA,NA,NA,NA,NA,NA,NA,NA,NA,NA,NA,NA,NA,NA,"May"
"X3517.6394156046.2",1930-05-23,3517.6394156046,2935.9674156046,NA,NA,NA,NA,NA,NA,NA,NA,NA,NA,NA,NA,NA,NA,NA,NA,NA,NA,NA,NA,NA,NA,NA,"May"
"X3373.57227230339",1930-05-24,3373.57227230339,2791.90027230339,NA,NA,NA,NA,NA,NA,NA,NA,NA,NA,NA,NA,NA,NA,NA,NA,NA,NA,NA,NA,NA,NA,NA,"May"
"X3301.53870065278.1",1930-05-25,3301.53870065278,2719.86670065278,NA,NA,NA,NA,NA,NA,NA,NA,NA,NA,NA,NA,NA,NA,NA,NA,NA,NA,NA,NA,NA,NA,NA,"May"
"X3133.46036680137",1930-05-26,3133.46036680137,2551.78836680137,NA,NA,NA,NA,NA,NA,NA,NA,NA,NA,NA,NA,NA,NA,NA,NA,NA,NA,NA,NA,NA,NA,NA,"May"
"X2701.25893689773",1930-05-27,2701.25893689773,2119.58693689773,1.85800275954783,2.95495854662103,-42.4942127607208,-3.73145842444623,-10.3530945369495,-62.4964866251698,-25.6472850331401,45.3121379646269,19.3319386369487,27.9913247298124,-6.30650866696173,-47.7349793633598,-4.91119399673962,-49.0959501555761,-26.4990405574791,-4.97064330733948,-7.73745280154675,-34.1476301374868,-26.1125597554022,-1.82091502841092,-1.99489467435433,31.8601644495896,-4.87777398989137,"May"
"X2545.18619832142",1930-05-28,2545.18619832142,1963.51419832142,1.35360188605587,5.28794947406423,-47.4451408223296,-2.9891124728615,-9.68344974461156,-65.792859922051,-25.6896054270515,50.5856367177349,17.1854448334206,24.3541588022466,-8.96108157950976,-48.3356288497915,-7.93544551329829,-50.6718017224713,-32.1784451658252,-4.81478362030868,-11.2773931454287,-35.550627804789,-27.4302407544573,-2.73257418175002,-2.57190128407027,36.1836376839026,-5.066715742569,"May"
"X2281.0631022692",1930-05-29,2281.0631022692,1699.3911022692,-13.2647854201567,5.70694410182691,-55.3249281121524,-3.74907726840622,-12.0040912291558,-66.8258492883363,-29.2152592550212,52.5037663463856,1.9865127598275,5.69233971982767,-15.4076703947609,-42.9992259739036,-20.611356977767,-48.2619695861664,-44.8107307295564,-5.36344688316885,-24.4241530791285,-36.7091995458138,-30.0236750223555,-9.666613703207,-4.47799843038966,41.0716119712651,-6.75615294430684,"May"
"X2737.27572272303",1930-05-30,2737.27572272303,2155.60372272303,1.53872834617933,2.4669888393048,-41.4145014719214,-3.93006788440627,-10.5654679682494,-61.5751870002499,-25.6847002687777,44.2829682487247,19.3043793601365,28.1770285536135,-5.84735007363664,-47.3175874768227,-4.53981423174941,-48.5347997210865,-25.4371745349541,-5.00210193213016,-7.27916150696169,-33.7711558622675,-25.7962724470042,-1.77464592362478,-1.90610153529131,31.1574597965687,-4.88244109127357,"May"
"X2365.1022691949",1930-05-31,2365.1022691949,1783.4302691949,-7.54322686553643,6.82415561810499,-52.9611730777973,-3.42314643576654,-11.0918935557839,-66.6974405024019,-28.4424832677922,51.3523469018006,5.96106485642002,9.57557560302216,-13.0490246870617,-45.7664564191325,-15.6216208637873,-50.2118078824422,-40.7463188801139,-4.74198544200055,-19.9345952655209,-36.9409517504294,-28.8432720031857,-6.33181561422828,-3.64824435644287,40.7393154550426,-6.16915119304946,"May"
"X2305.0742928194",1930-06-01,2305.0742928194,1663.0692928194,-15.8185294503783,5.40544304900807,-58.9171014243976,-4.15045951920359,-13.2739852392226,-69.6574414347378,-31.3257197503776,60.4078001101397,2.51431793310201,7.46827222630932,-17.4176551366273,-44.8197281396179,-23.7979945872314,-50.2063718315963,-48.6836408141589,-6.29031452243596,-27.3655648620062,-39.0026632008114,-32.9039639603643,-11.7823092527339,-5.19283960441843,45.6274231455942,-7.50216564069176,"Jun"
"X2040.95119676717",1930-06-02,2040.95119676717,1398.94619676717,-37.5792566771061,-7.12749162020694,-66.2544437691937,-7.04931940743344,-16.4754146689258,-57.5078200042758,-31.7774069358758,61.0900912249752,-10.2144984151995,2.12907643674161,-29.0509751482845,-23.5857237271293,-44.0159358644622,-29.0887437620713,-62.1742208249877,-13.7666035083341,-44.0035806381527,-34.304253506127,-35.7863590350214,-29.4224724076392,-8.67727731044889,35.8968934962566,-9.7496804368025,"Jun"
"X2004.93441094187",1930-06-03,2004.93441094187,1362.92941094187,-40.7576730002516,-10.1151352541111,-67.1835729665986,-7.86058748993074,-16.9352582759638,-51.9120506263068,-31.7490541392387,60.1875267988594,-12.5076359080685,1.70178040314705,-31.2460627364095,-18.472701355081,-47.0097564006282,-23.3364622444734,-63.8514182539138,-15.7211269976018,-46.4975309250389,-33.2116266575519,-35.5987459169209,-32.6317467446987,-9.16977610016015,32.891721129754,-10.1146988472943,"Jun"
"X2040.95119676717.1",1930-06-04,2040.95119676717,1398.94619676717,-37.5792566771061,-7.12749162020694,-66.2544437691937,-7.04931940743344,-16.4754146689258,-57.5078200042758,-31.7774069358758,61.0900912249752,-10.2144984151995,2.12907643674161,-29.0509751482845,-23.5857237271293,-44.0159358644622,-29.0887437620713,-62.1742208249877,-13.7666035083341,-44.0035806381527,-34.304253506127,-35.7863590350214,-29.4224724076392,-8.67727731044889,35.8968934962566,-9.7496804368025,"Jun"
"X1812.84488654025",1930-06-05,1812.84488654025,1170.83988654026,-53.0347672000525,-30.439718915815,-72.9261957847868,-12.8639607361351,-18.5677728418534,-27.8450205057567,-25.9783963488618,49.0505043227241,-16.4337475235239,11.2232276279504,-42.8655584702187,1.11389786843947,-58.6549163863682,2.75779222451754,-69.5592103270898,-29.0011259816125,-55.1873432850089,-28.0961336729456,-33.6575988973131,-48.734328219899,-12.2570761210394,7.17782451343967,-13.1447765085462,"Jun"
"X1764.82250543985",1930-06-06,1764.82250543985,1122.81750543985,-56.4031423954982,-36.772110478832,-73.8208841549719,-14.5903013390136,-19.1659047476894,-19.2992042381863,-22.629923810217,46.2359904406116,-17.5067919105055,13.5687657415089,-46.6321594076653,7.36258553788686,-61.3539396858551,11.0711686960254,-70.2077221206156,-33.3112219900832,-57.241798315458,-26.2401683611068,-32.4681770636738,-53.2677831386461,-13.5190977234405,-0.135476313446889,-14.663833915711,"Jun"
"X2401.11905502021",1930-06-07,2401.11905502021,1759.11405502021,-8.44009399780385,7.56857588732082,-56.4598872409125,-3.77905982036646,-12.1876314375427,-69.8343409749504,-30.8885945305626,58.3648386951014,6.54647591895136,10.6000030159134,-14.3558411593645,-48.6753652896895,-17.2388677565183,-53.322953149548,-44.0448972846414,-5.21731089255044,-21.938502694235,-39.7604288336404,-31.2431482989428,-7.01577209017016,-4.03015236420879,45.966116124405,-6.79918475815615,"Jun"
"X2040.95119676717.2",1930-06-08,2040.95119676717,1398.94619676717,-37.5792566771061,-7.12749162020694,-66.2544437691937,-7.04931940743344,-16.4754146689258,-57.5078200042758,-31.7774069358758,61.0900912249752,-10.2144984151995,2.12907643674161,-29.0509751482845,-23.5857237271293,-44.0159358644622,-29.0887437620713,-62.1742208249877,-13.7666035083341,-44.0035806381527,-34.304253506127,-35.7863590350214,-29.4224724076392,-8.67727731044889,35.8968934962566,-9.7496804368025,"Jun"
"X1872.87286291576",1930-06-09,1872.87286291576,1230.86786291576,-49.0379743105396,-22.401056087144,-71.9891475655598,-10.7257843534075,-17.8416441672418,-36.6227187470828,-29.8493815800336,52.8530195403242,-15.1278710669494,8.37475531773005,-38.3492412523184,-6.05425658260108,-55.4922077470132,-6.49187868769299,-68.8598063906814,-23.661155731469,-52.8183221302931,-30.2148642345238,-35.0460598970794,-43.2157330085371,-10.6963429921942,17.0138835612095,-11.276729637522,"Jun"
"X2004.93441094187.1",1930-06-10,2004.93441094187,1362.92941094187,-40.7576730002516,-10.1151352541111,-67.1835729665986,-7.86058748993074,-16.9352582759638,-51.9120506263068,-31.7490541392387,60.1875267988594,-12.5076359080685,1.70178040314705,-31.2460627364095,-18.472701355081,-47.0097564006282,-23.3364622444734,-63.8514182539138,-15.7211269976018,-46.4975309250389,-33.2116266575519,-35.5987459169209,-32.6317467446987,-9.16977610016015,32.891721129754,-10.1146988472943,"Jun"
"X2040.95119676717.3",1930-06-11,2040.95119676717,1398.94619676717,-37.5792566771061,-7.12749162020694,-66.2544437691937,-7.04931940743344,-16.4754146689258,-57.5078200042758,-31.7774069358758,61.0900912249752,-10.2144984151995,2.12907643674161,-29.0509751482845,-23.5857237271293,-44.0159358644622,-29.0887437620713,-62.1742208249877,-13.7666035083341,-44.0035806381527,-34.304253506127,-35.7863590350214,-29.4224724076392,-8.67727731044889,35.8968934962566,-9.7496804368025,"Jun"
"X1920.89524401616",1930-06-12,1920.89524401616,1278.89024401616,-45.9760352626112,-17.3538269607915,-70.4157150982002,-9.48955055996241,-17.4467486206336,-42.6595487958603,-31.2214947574944,55.6265485590409,-14.2012588263377,5.89086029740787,-35.4645517058231,-10.8991744474897,-52.5437046465847,-13.0341727897854,-67.320428095276,-20.3600557746335,-50.6202237287746,-31.4747903281684,-35.4968021033893,-39.1957435405706,-9.94251409184317,23.3919842606246,-10.5466983143466,"Jun"
"X4886.27727696612",1930-06-13,4886.27727696612,4244.27227696612,NA,NA,NA,NA,NA,NA,NA,NA,NA,NA,NA,NA,NA,NA,NA,NA,NA,NA,NA,NA,NA,NA,NA,"Jun"
"X5294.46751631955.2",1930-06-14,5294.46751631955,4652.46251631955,NA,NA,NA,NA,NA,NA,NA,NA,NA,NA,NA,NA,NA,NA,NA,NA,NA,NA,NA,NA,NA,NA,NA,"Jun"
"X4045.88560770905",1930-06-15,4045.88560770905,3403.88060770905,NA,NA,NA,NA,NA,NA,NA,NA,NA,NA,NA,NA,NA,NA,NA,NA,NA,NA,NA,NA,NA,NA,NA,"Jun"
"X3517.6394156046.3",1930-06-16,3517.6394156046,2875.6344156046,NA,NA,NA,NA,NA,NA,NA,NA,NA,NA,NA,NA,NA,NA,NA,NA,NA,NA,NA,NA,NA,NA,NA,"Jun"
"X3337.55548647809",1930-06-17,3337.55548647809,2695.55048647809,NA,NA,NA,NA,NA,NA,NA,NA,NA,NA,NA,NA,NA,NA,NA,NA,NA,NA,NA,NA,NA,NA,NA,"Jun"
"X3265.52191482748",1930-06-18,3265.52191482748,2623.51691482748,NA,NA,NA,NA,NA,NA,NA,NA,NA,NA,NA,NA,NA,NA,NA,NA,NA,NA,NA,NA,NA,NA,NA,"Jun"
"X3817.77929748213.1",1930-06-19,3817.77929748213,3175.77429748213,NA,NA,NA,NA,NA,NA,NA,NA,NA,NA,NA,NA,NA,NA,NA,NA,NA,NA,NA,NA,NA,NA,NA,"Jun"
"X3337.55548647809.1",1930-06-20,3337.55548647809,2695.55048647809,NA,NA,NA,NA,NA,NA,NA,NA,NA,NA,NA,NA,NA,NA,NA,NA,NA,NA,NA,NA,NA,NA,NA,"Jun"
"X3097.44358097606",1930-06-21,3097.44358097606,2455.43858097606,NA,NA,NA,NA,NA,NA,NA,NA,NA,NA,NA,NA,NA,NA,NA,NA,NA,NA,NA,NA,NA,NA,NA,"Jun"
"X2869.33727074915",1930-06-22,2869.33727074915,2227.33227074915,NA,NA,NA,NA,NA,NA,NA,NA,NA,NA,NA,NA,NA,NA,NA,NA,NA,NA,NA,NA,NA,NA,NA,"Jun"
"X2485.15822194591",1930-06-23,2485.15822194591,1843.15322194591,-4.11919085334123,7.16260244404603,-53.492086060866,-3.45091778447962,-11.3424254657152,-68.3378457699445,-29.2167950382033,59.9340152129417,11.8442660377316,17.5151449594941,-12.6574155617697,-49.1654179435362,-13.8093668982342,-52.8048153306956,-40.0820244846721,-5.22060768485982,-18.0593128263727,-38.7456403421027,-30.4090182123524,-5.35609862539573,-3.57533504860894,44.9908114737829,-6.26635481560926,"Jun"
"X2461.14703139571",1930-06-24,2461.14703139571,1819.14203139571,-5.35837740059961,7.27927528225235,-54.2949901412267,-3.54442123746921,-11.5816317754699,-68.7328597128908,-29.6817111162643,59.4630807675119,10.3005795575986,15.4852110293167,-13.1382023358473,-49.0330056349649,-14.7821176237266,-52.9444165782243,-41.1749594992284,-5.21967041620673,-19.1557547496577,-39.0243431919794,-30.6402982683958,-5.82927131762594,-3.70494793997573,45.2794376424566,-6.4178273147787,"Jun"
"X2365.1022691949.1",1930-06-25,2365.1022691949,1723.0972691949,-11.0532217712364,6.92530266379132,-57.4242411931874,-3.91839471365837,-12.585114081677,-69.9158450470898,-31.1522777587684,58.9200206762929,4.89315391020025,9.11470479152514,-15.4240900133373,-47.512040582373,-19.5144437304304,-52.4626164441887,-45.7462778366195,-5.54746726818562,-23.8965381991437,-39.6178849016295,-31.8075249154122,-8.61253035380991,-4.42327830077545,45.9258493141853,-7.05594349155152,"Jun"
"X2305.0742928194.1",1930-06-26,2305.0742928194,1663.0692928194,-15.8185294503783,5.40544304900807,-58.9171014243976,-4.15045951920359,-13.2739852392226,-69.6574414347378,-31.3257197503776,60.4078001101397,2.51431793310201,7.46827222630932,-17.4176551366273,-44.8197281396179,-23.7979945872314,-50.2063718315963,-48.6836408141589,-6.29031452243596,-27.3655648620062,-39.0026632008114,-32.9039639603643,-11.7823092527339,-5.19283960441843,45.6274231455942,-7.50216564069176,"Jun"
"X2641.23096052223",1930-06-27,2641.23096052223,1999.22596052223,2.72887326122443,4.3641741136541,-49.01919841479,-3.66512415725792,-10.9093978815805,-69.8109984815117,-28.0145302147869,52.5473635526815,21.4289682133507,30.6043505511215,-8.00606573828531,-52.8898619307013,-6.2848125795836,-54.7254360104439,-31.5978718551138,-5.4076477201753,-9.6010695591163,-38.2355082583971,-29.3754155527847,-2.12836639676466,-2.40512154729356,36.8832475396404,-5.37126316875361,"Jun"
"X2401.11905502021.1",1930-06-28,2401.11905502021,1759.11405502021,-8.44009399780385,7.56857588732082,-56.4598872409125,-3.77905982036646,-12.1876314375427,-69.8343409749504,-30.8885945305626,58.3648386951014,6.54647591895136,10.6000030159134,-14.3558411593645,-48.6753652896895,-17.2388677565183,-53.322953149548,-44.0448972846414,-5.21731089255044,-21.938502694235,-39.7604288336404,-31.2431482989428,-7.01577209017016,-4.03015236420879,45.966116124405,-6.79918475815615,"Jun"
"X1980.92322039167",1930-06-29,1980.92322039167,1338.91822039167,-42.3147846916816,-12.1846901660958,-68.0076541169997,-8.33608165295612,-17.1050669918637,-49.1962549459163,-31.6237176459657,58.9437849945324,-13.1469014132574,2.65252956374995,-32.4725938768331,-16.1504845739738,-48.6167927877216,-20.3380745144067,-64.8157543727617,-17.0386249964429,-47.7166898974421,-32.6918153802507,-35.5547756370436,-34.5279430521,-9.40642706281617,30.1941484663582,-10.2561472043702,"Jun"
"X1896.88405346596",1930-06-30,1896.88405346596,1254.87905346596,-47.4976965297752,-19.3963699267615,-71.4961744377283,-9.95421572176412,-17.5864637563103,-39.6961008913188,-31.0513544114168,54.3845991253084,-14.6316155593754,7.21468794153355,-36.6989399264877,-8.66663436210384,-54.1898537529309,-9.86883719806276,-68.4260595589967,-21.6977492814598,-51.8504669991104,-30.9557601163566,-35.4724372799214,-41.100628635311,-10.1587202303302,20.8346357579338,-10.6643785436196,"Jun"
"X2365.1022691949.2",1930-07-01,2365.1022691949,1702.9862691949,-12.5442991770333,6.62133667241377,-58.7233699855727,-4.08262630908698,-13.0945777563511,-70.7106821089474,-31.8514485136184,61.9251147222,4.75664744937347,9.50892919954267,-16.3511087688566,-47.7093794690359,-21.136884202161,-52.753007344503,-47.362449019926,-5.95330690570211,-25.3245526571352,-40.2561218935566,-32.8721204085401,-9.73826886917665,-4.76330354136257,47.4765952879442,-7.36234794456799,"Jul"
"X2124.99036369288",1930-07-02,2124.99036369288,1462.87436369288,-31.819129107674,-1.587604601835,-65.7094019704573,-5.70197714597091,-15.9545874231543,-66.6929185124152,-32.5413026947604,64.9395461155208,-5.46177856593741,3.73693298889952,-25.4618968838727,-33.2424004824288,-38.924176569208,-39.578177867342,-60.0001438228855,-10.4802004132187,-39.8923241731113,-37.1410701027446,-36.8576062826047,-23.8024213965684,-7.88769457901841,42.9056607981713,-9.26474595829162,"Jul"
"X1872.87286291576.1",1930-07-03,1872.87286291576,1210.75686291576,-50.8206265866017,-24.8927573127262,-73.1200465303648,-11.5905615480912,-18.5214991593441,-36.0764119637524,-29.5880569240337,53.82148708215,-15.9762124371529,8.73984938981158,-40.2958385136175,-5.20130190293487,-57.033240937603,-5.49492538821489,-69.8715893125747,-25.5670658664585,-54.2584935567005,-30.6658499382986,-35.3974292216997,-45.3141931538735,-11.3930885053879,15.2339091921802,-12.1645846801417,"Jul"
"X1764.82250543985.1",1930-07-04,1764.82250543985,1102.70650543985,-58.2810986327815,-39.22563231367,-75.17060411989,-15.463066090606,-19.8659235190451,-18.6343606100914,-22.3473605924476,47.1320306879418,-18.378149171139,13.9445558001084,-48.6614829459288,8.29201713458152,-62.9978171975741,12.1912150443949,-71.3804227646548,-35.2341389916108,-58.8029744502731,-26.7339863561364,-32.8444266904593,-55.4226056304471,-14.2233403905365,-1.78978318086677,-15.5663158072927,"Jul"
"X1788.83369599005",1930-07-05,1788.83369599005,1126.71769599005,-56.5550881431363,-36.0786371991421,-74.6491745397903,-14.5963399657018,-19.5603158384822,-23.1344027299929,-24.0563108808615,48.5306481433098,-17.833189753317,12.7617703100961,-46.7415774484218,5.08848090498366,-61.6045608440714,7.8936122084159,-71.0050659221426,-33.0710206342482,-57.7283037890106,-27.6709428839596,-33.4425219409498,-53.1296440863396,-13.5891443929387,1.78221523489829,-14.8007247265801,"Jul"
"X1608.74976686354",1930-07-06,1608.74976686354,946.633766863538,-68.7299877085061,-59.2669685205247,-80.3438022082047,-21.8400169639368,-24.6765594133811,5.16745049667608,-11.7696114560163,33.1202935343032,-22.6502210068879,13.1927218933983,-62.0468183499975,23.1630400820839,-69.3033332095391,29.6213327532774,-71.8504192108725,-50.2821145486588,-64.4134118184026,-23.054375331593,-25.3462965693254,-69.0636188211569,-18.8522867080283,-24.4739626667727,-22.4291823165676,"Jul"
"X1536.71619521293",1930-07-07,1536.71619521293,874.600195212931,-73.9861366557178,-70.0328163370116,-81.2423729713517,-25.4226788616896,-29.6404367035495,14.7837026718792,-5.24632411923868,26.9445938465926,-24.2267617775454,11.9514211414448,-69.1872634565799,32.115850570132,-70.4752148222291,39.4396789234212,-70.221766001817,-58.8039807833783,-65.5987457191927,-21.0042345076546,-19.3540271243886,-75.8768190345601,-22.2314773398452,-36.1895470307741,-27.4305651969197,"Jul"
"X1536.71619521293.1",1930-07-08,1536.71619521293,874.600195212931,-73.9861366557178,-70.0328163370116,-81.2423729713517,-25.4226788616896,-29.6404367035495,14.7837026718792,-5.24632411923868,26.9445938465926,-24.2267617775454,11.9514211414448,-69.1872634565799,32.115850570132,-70.4752148222291,39.4396789234212,-70.221766001817,-58.8039807833783,-65.5987457191927,-21.0042345076546,-19.3540271243886,-75.8768190345601,-22.2314773398452,-36.1895470307741,-27.4305651969197,"Jul"
"X1488.69381411253",1930-07-09,1488.69381411253,826.577814112527,-77.6328303817838,-76.8749100127223,-79.9244438138199,-27.6822850497706,-33.0727926123371,17.1240073389266,-0.782942860778063,23.9384302612893,-26.0112557487281,11.6266110266421,-73.5030898690794,36.8609591351762,-71.0828899982469,45.7553962588915,-70.7465420222994,-64.1168485506905,-66.1220334126126,-20.4851061044659,-15.4626007808336,-80.7128018582108,-24.5296068878635,-42.9523200248277,-30.8638272486662,"Jul"
"X1344.62667081131",1930-07-10,1344.62667081131,682.510670811315,-84.3227859331585,-89.2972097804323,-73.3705625659652,-39.8344529281707,-42.3946432121056,23.9950052304366,10.8140304237275,7.41850050688173,-28.1464854020442,-1.23391284095021,-80.1179535124746,42.1988456235258,-67.7352028605467,49.364758264385,-58.8874803080073,-73.8081866076085,-64.0502145416762,-11.2040484608944,-10.0640340991979,-86.8708560508317,-43.5812579822254,-55.8100460678701,-42.4973437694782,"Jul"
"X1464.68262356233",1930-07-11,1464.68262356233,802.566623562325,-79.535691388951,-80.1469487753081,-79.3741505656082,-28.5685818518235,-34.8270408960494,13.1344399458839,1.42298078389048,23.158194717254,-26.4459708289084,11.2636507643239,-75.6322964849781,37.9683588131984,-71.367144887894,46.522736736983,-71.3756132607414,-66.5622903644125,-66.3655537452401,-20.475323369349,-14.0853012540982,-83.1370949240223,-25.686768557267,-45.6411545262412,-32.5716949767111,"Jul"
"X1344.62667081131.1",1930-07-12,1344.62667081131,682.510670811315,-84.3227859331585,-89.2972097804323,-73.3705625659652,-39.8344529281707,-42.3946432121056,23.9950052304366,10.8140304237275,7.41850050688173,-28.1464854020442,-1.23391284095021,-80.1179535124746,42.1988456235258,-67.7352028605467,49.364758264385,-58.8874803080073,-73.8081866076085,-64.0502145416762,-11.2040484608944,-10.0640340991979,-86.8708560508317,-43.5812579822254,-55.8100460678701,-42.4973437694782,"Jul"
"X1296.60428971091",1930-07-13,1296.60428971091,634.488289710911,-84.7201508395555,-90.7668986598069,-68.4978015081266,-43.8873564766564,-45.1649706436593,31.2898226909943,13.344697464796,-0.708535206718941,-28.7077523565945,-7.71579986138729,-82.0707071181694,44.7953842623901,-64.8981702313156,49.4896925714311,-51.7710414652904,-76.2149652718757,-62.7326395532415,-7.12305931685875,-7.42633265578296,-87.618779830018,-51.5067142934876,-59.9011509637611,-47.2484576374669,"Jul"
"X1158.53994404725",1930-07-14,1158.53994404725,496.423944047249,NA,NA,NA,NA,NA,NA,NA,NA,NA,NA,NA,NA,NA,NA,NA,NA,NA,NA,NA,NA,NA,NA,NA,"Jul"
"X1139.33099160709",1930-07-15,1139.33099160709,477.214991607087,NA,NA,NA,NA,NA,NA,NA,NA,NA,NA,NA,NA,NA,NA,NA,NA,NA,NA,NA,NA,NA,NA,NA,"Jul"
"X1212.5651227852",1930-07-16,1212.5651227852,550.449122785204,-85.7262527682625,-93.4496588076383,-55.7157765688547,-50.8930160817658,-47.5528370195452,46.0699498996173,17.6970327017519,-14.2371436128439,-29.156500248758,-17.9401617323063,-85.6500578819381,48.7192932137078,-58.3417019569466,49.5171917529698,-38.3094355568848,-80.2983361810124,-60.3602198499864,-0.102452384921902,-5.19195605438514,-89.1511050316678,-65.3555952814545,-66.4440505541145,-55.0251467561824,"Jul"
"X1177.74889648741",1930-07-17,1177.74889648741,515.632896487411,-86.2848030655031,-94.6485199374186,-49.1089451193586,-53.7547976561559,-47.7693720497778,52.8118358597929,18.6478510238328,-19.5539853228379,-29.1557084381151,-21.8022327398581,-87.2398117462669,49.9401710417277,-55.1013935546365,49.4384229316377,-33.1092536052777,-81.9654935579352,-59.4487451171442,2.64327813615259,-5.27693069986245,-89.893708921457,-71.1412713420221,-68.9193462662066,-58.0565850357125,"Jul"
"X1120.12203916693",1930-07-18,1120.12203916693,458.006039166926,NA,NA,NA,NA,NA,NA,NA,NA,NA,NA,NA,NA,NA,NA,NA,NA,NA,NA,NA,NA,NA,NA,NA,"Jul"
"X1100.91308672676",1930-07-19,1100.91308672676,438.797086726764,NA,NA,NA,NA,NA,NA,NA,NA,NA,NA,NA,NA,NA,NA,NA,NA,NA,NA,NA,NA,NA,NA,NA,"Jul"
"X1081.7041342866",1930-07-20,1081.7041342866,419.588134286603,NA,NA,NA,NA,NA,NA,NA,NA,NA,NA,NA,NA,NA,NA,NA,NA,NA,NA,NA,NA,NA,NA,NA,"Jul"
"X1027.67895554865",1930-07-21,1027.67895554865,365.562955548648,NA,NA,NA,NA,NA,NA,NA,NA,NA,NA,NA,NA,NA,NA,NA,NA,NA,NA,NA,NA,NA,NA,NA,"Jul"
"X1212.5651227852.1",1930-07-22,1212.5651227852,550.449122785204,-85.7262527682625,-93.4496588076383,-55.7157765688547,-50.8930160817658,-47.5528370195452,46.0699498996173,17.6970327017519,-14.2371436128439,-29.156500248758,-17.9401617323063,-85.6500578819381,48.7192932137078,-58.3417019569466,49.5171917529698,-38.3094355568848,-80.2983361810124,-60.3602198499864,-0.102452384921902,-5.19195605438514,-89.1511050316678,-65.3555952814545,-66.4440505541145,-55.0251467561824,"Jul"
"X1296.60428971091.1",1930-07-23,1296.60428971091,634.488289710911,-84.7201508395555,-90.7668986598069,-68.4978015081266,-43.8873564766564,-45.1649706436593,31.2898226909943,13.344697464796,-0.708535206718941,-28.7077523565945,-7.71579986138729,-82.0707071181694,44.7953842623901,-64.8981702313156,49.4896925714311,-51.7710414652904,-76.2149652718757,-62.7326395532415,-7.12305931685875,-7.42633265578296,-87.618779830018,-51.5067142934876,-59.9011509637611,-47.2484576374669,"Jul"
"X1010.87112216351",1930-07-24,1010.87112216351,348.755122163506,NA,NA,NA,NA,NA,NA,NA,NA,NA,NA,NA,NA,NA,NA,NA,NA,NA,NA,NA,NA,NA,NA,NA,"Jul"
"X899.219086105067",1930-07-25,899.219086105067,237.103086105067,NA,NA,NA,NA,NA,NA,NA,NA,NA,NA,NA,NA,NA,NA,NA,NA,NA,NA,NA,NA,NA,NA,NA,"Jul"
"X977.255455393224",1930-07-26,977.255455393224,315.139455393224,NA,NA,NA,NA,NA,NA,NA,NA,NA,NA,NA,NA,NA,NA,NA,NA,NA,NA,NA,NA,NA,NA,NA,"Jul"
"X1139.33099160709.1",1930-07-27,1139.33099160709,477.214991607087,NA,NA,NA,NA,NA,NA,NA,NA,NA,NA,NA,NA,NA,NA,NA,NA,NA,NA,NA,NA,NA,NA,NA,"Jul"
"X977.255455393224.1",1930-07-28,977.255455393224,315.139455393224,NA,NA,NA,NA,NA,NA,NA,NA,NA,NA,NA,NA,NA,NA,NA,NA,NA,NA,NA,NA,NA,NA,NA,"Jul"
"X930.43363382033",1930-07-29,930.43363382033,268.31763382033,NA,NA,NA,NA,NA,NA,NA,NA,NA,NA,NA,NA,NA,NA,NA,NA,NA,NA,NA,NA,NA,NA,NA,"Jul"
"X977.255455393224.2",1930-07-30,977.255455393224,315.139455393224,NA,NA,NA,NA,NA,NA,NA,NA,NA,NA,NA,NA,NA,NA,NA,NA,NA,NA,NA,NA,NA,NA,NA,"Jul"
"X946.040907677961",1930-07-31,946.040907677961,283.924907677961,NA,NA,NA,NA,NA,NA,NA,NA,NA,NA,NA,NA,NA,NA,NA,NA,NA,NA,NA,NA,NA,NA,NA,"Jul"
"X914.826359962698",1930-08-01,914.826359962698,283.650359962698,NA,NA,NA,NA,NA,NA,NA,NA,NA,NA,NA,NA,NA,NA,NA,NA,NA,NA,NA,NA,NA,NA,NA,"Aug"
"X899.219086105067.1",1930-08-02,899.219086105067,268.043086105067,NA,NA,NA,NA,NA,NA,NA,NA,NA,NA,NA,NA,NA,NA,NA,NA,NA,NA,NA,NA,NA,NA,NA,"Aug"
"X1010.87112216351.1",1930-08-03,1010.87112216351,379.695122163507,NA,NA,NA,NA,NA,NA,NA,NA,NA,NA,NA,NA,NA,NA,NA,NA,NA,NA,NA,NA,NA,NA,NA,"Aug"
"X1027.67895554865.1",1930-08-04,1027.67895554865,396.502955548648,NA,NA,NA,NA,NA,NA,NA,NA,NA,NA,NA,NA,NA,NA,NA,NA,NA,NA,NA,NA,NA,NA,NA,"Aug"
"X994.063288778365",1930-08-05,994.063288778365,362.887288778365,NA,NA,NA,NA,NA,NA,NA,NA,NA,NA,NA,NA,NA,NA,NA,NA,NA,NA,NA,NA,NA,NA,NA,"Aug"
"X1010.87112216351.2",1930-08-06,1010.87112216351,379.695122163507,NA,NA,NA,NA,NA,NA,NA,NA,NA,NA,NA,NA,NA,NA,NA,NA,NA,NA,NA,NA,NA,NA,NA,"Aug"
"X1120.12203916693.1",1930-08-07,1120.12203916693,488.946039166926,NA,NA,NA,NA,NA,NA,NA,NA,NA,NA,NA,NA,NA,NA,NA,NA,NA,NA,NA,NA,NA,NA,NA,"Aug"
"X1010.87112216351.3",1930-08-08,1010.87112216351,379.695122163507,NA,NA,NA,NA,NA,NA,NA,NA,NA,NA,NA,NA,NA,NA,NA,NA,NA,NA,NA,NA,NA,NA,NA,"Aug"
"X961.648181535592",1930-08-09,961.648181535592,330.472181535592,NA,NA,NA,NA,NA,NA,NA,NA,NA,NA,NA,NA,NA,NA,NA,NA,NA,NA,NA,NA,NA,NA,NA,"Aug"
"X1063.69574137395",1930-08-10,1063.69574137395,432.519741373951,NA,NA,NA,NA,NA,NA,NA,NA,NA,NA,NA,NA,NA,NA,NA,NA,NA,NA,NA,NA,NA,NA,NA,"Aug"
"X994.063288778365.1",1930-08-11,994.063288778365,362.887288778365,NA,NA,NA,NA,NA,NA,NA,NA,NA,NA,NA,NA,NA,NA,NA,NA,NA,NA,NA,NA,NA,NA,NA,"Aug"
"X994.063288778365.2",1930-08-12,994.063288778365,362.887288778365,NA,NA,NA,NA,NA,NA,NA,NA,NA,NA,NA,NA,NA,NA,NA,NA,NA,NA,NA,NA,NA,NA,NA,"Aug"
"X946.040907677961.1",1930-08-13,946.040907677961,314.864907677961,NA,NA,NA,NA,NA,NA,NA,NA,NA,NA,NA,NA,NA,NA,NA,NA,NA,NA,NA,NA,NA,NA,NA,"Aug"
"X840.391669257072",1930-08-14,840.391669257072,209.215669257072,NA,NA,NA,NA,NA,NA,NA,NA,NA,NA,NA,NA,NA,NA,NA,NA,NA,NA,NA,NA,NA,NA,NA,"Aug"
"X785.165930991607",1930-08-15,785.165930991607,154.7,NA,NA,NA,NA,NA,NA,NA,NA,NA,NA,NA,NA,NA,NA,NA,NA,NA,NA,NA,NA,NA,NA,NA,"Aug"
"X771.959776188996",1930-08-16,771.959776188996,154.7,NA,NA,NA,NA,NA,NA,NA,NA,NA,NA,NA,NA,NA,NA,NA,NA,NA,NA,NA,NA,NA,NA,NA,"Aug"
"X869.205097917314",1930-08-17,869.205097917314,238.029097917314,NA,NA,NA,NA,NA,NA,NA,NA,NA,NA,NA,NA,NA,NA,NA,NA,NA,NA,NA,NA,NA,NA,NA,"Aug"
"X914.826359962698.1",1930-08-18,914.826359962698,283.650359962698,NA,NA,NA,NA,NA,NA,NA,NA,NA,NA,NA,NA,NA,NA,NA,NA,NA,NA,NA,NA,NA,NA,NA,"Aug"
"X883.611812247436",1930-08-19,883.611812247436,252.435812247436,NA,NA,NA,NA,NA,NA,NA,NA,NA,NA,NA,NA,NA,NA,NA,NA,NA,NA,NA,NA,NA,NA,NA,"Aug"
"X854.798383587193",1930-08-20,854.798383587193,223.622383587193,NA,NA,NA,NA,NA,NA,NA,NA,NA,NA,NA,NA,NA,NA,NA,NA,NA,NA,NA,NA,NA,NA,NA,"Aug"
"X811.578240596829",1930-08-21,811.578240596829,180.402240596829,NA,NA,NA,NA,NA,NA,NA,NA,NA,NA,NA,NA,NA,NA,NA,NA,NA,NA,NA,NA,NA,NA,NA,"Aug"
"X798.372085794218",1930-08-22,798.372085794218,167.196085794218,NA,NA,NA,NA,NA,NA,NA,NA,NA,NA,NA,NA,NA,NA,NA,NA,NA,NA,NA,NA,NA,NA,NA,"Aug"
"X771.959776188996.1",1930-08-23,771.959776188996,154.7,NA,NA,NA,NA,NA,NA,NA,NA,NA,NA,NA,NA,NA,NA,NA,NA,NA,NA,NA,NA,NA,NA,NA,"Aug"
"X869.205097917314.1",1930-08-24,869.205097917314,238.029097917314,NA,NA,NA,NA,NA,NA,NA,NA,NA,NA,NA,NA,NA,NA,NA,NA,NA,NA,NA,NA,NA,NA,NA,"Aug"
"X869.205097917314.2",1930-08-25,869.205097917314,238.029097917314,NA,NA,NA,NA,NA,NA,NA,NA,NA,NA,NA,NA,NA,NA,NA,NA,NA,NA,NA,NA,NA,NA,NA,"Aug"
"X899.219086105067.2",1930-08-26,899.219086105067,268.043086105067,NA,NA,NA,NA,NA,NA,NA,NA,NA,NA,NA,NA,NA,NA,NA,NA,NA,NA,NA,NA,NA,NA,NA,"Aug"
"X977.255455393224.3",1930-08-27,977.255455393224,346.079455393224,NA,NA,NA,NA,NA,NA,NA,NA,NA,NA,NA,NA,NA,NA,NA,NA,NA,NA,NA,NA,NA,NA,NA,"Aug"
"X961.648181535592.1",1930-08-28,961.648181535592,330.472181535592,NA,NA,NA,NA,NA,NA,NA,NA,NA,NA,NA,NA,NA,NA,NA,NA,NA,NA,NA,NA,NA,NA,NA,"Aug"
"X854.798383587193.1",1930-08-29,854.798383587193,223.622383587193,NA,NA,NA,NA,NA,NA,NA,NA,NA,NA,NA,NA,NA,NA,NA,NA,NA,NA,NA,NA,NA,NA,NA,"Aug"
"X1081.7041342866.1",1930-08-30,1081.7041342866,450.528134286603,NA,NA,NA,NA,NA,NA,NA,NA,NA,NA,NA,NA,NA,NA,NA,NA,NA,NA,NA,NA,NA,NA,NA,"Aug"
"X930.43363382033.1",1930-08-31,930.43363382033,299.25763382033,NA,NA,NA,NA,NA,NA,NA,NA,NA,NA,NA,NA,NA,NA,NA,NA,NA,NA,NA,NA,NA,NA,NA,"Aug"
"X946.040907677961.2",1930-09-01,946.040907677961,299.394907677961,NA,NA,NA,NA,NA,NA,NA,NA,NA,NA,NA,NA,NA,NA,NA,NA,NA,NA,NA,NA,NA,NA,NA,"Sep"
"X1010.87112216351.4",1930-09-02,1010.87112216351,364.225122163507,NA,NA,NA,NA,NA,NA,NA,NA,NA,NA,NA,NA,NA,NA,NA,NA,NA,NA,NA,NA,NA,NA,NA,"Sep"
"X977.255455393224.4",1930-09-03,977.255455393224,330.609455393224,NA,NA,NA,NA,NA,NA,NA,NA,NA,NA,NA,NA,NA,NA,NA,NA,NA,NA,NA,NA,NA,NA,NA,"Sep"
"X977.255455393224.5",1930-09-04,977.255455393224,330.609455393224,NA,NA,NA,NA,NA,NA,NA,NA,NA,NA,NA,NA,NA,NA,NA,NA,NA,NA,NA,NA,NA,NA,NA,"Sep"
"X883.611812247436.1",1930-09-05,883.611812247436,236.965812247436,NA,NA,NA,NA,NA,NA,NA,NA,NA,NA,NA,NA,NA,NA,NA,NA,NA,NA,NA,NA,NA,NA,NA,"Sep"
"X854.798383587193.2",1930-09-06,854.798383587193,208.152383587193,NA,NA,NA,NA,NA,NA,NA,NA,NA,NA,NA,NA,NA,NA,NA,NA,NA,NA,NA,NA,NA,NA,NA,"Sep"
"X869.205097917314.3",1930-09-07,869.205097917314,222.559097917314,NA,NA,NA,NA,NA,NA,NA,NA,NA,NA,NA,NA,NA,NA,NA,NA,NA,NA,NA,NA,NA,NA,NA,"Sep"
"X1081.7041342866.2",1930-09-08,1081.7041342866,435.058134286603,NA,NA,NA,NA,NA,NA,NA,NA,NA,NA,NA,NA,NA,NA,NA,NA,NA,NA,NA,NA,NA,NA,NA,"Sep"
"X1260.58750388561",1930-09-09,1260.58750388561,613.941503885608,-84.5195187792591,-91.3144998421516,-64.4063864633545,-45.4051836968225,-46.0992446119291,33.1746890525163,15.49325178595,-4.72548868370801,-28.4573914189986,-10.7950336694181,-82.6606844815655,45.2321824486808,-62.3532568008528,48.3705207807901,-46.0289673792644,-77.0221300413994,-61.0650556446046,-4.63695345951005,-5.40415581587339,-87.6784840693298,-54.8053291964683,-61.5800862526704,-49.1494547938768,"Sep"
"X1296.60428971091.2",1930-09-10,1296.60428971091,649.958289710911,-84.2103403000012,-90.1487243065196,-68.9425908722382,-42.3060819426639,-43.9772945174124,27.8853345837556,13.4998535065058,1.17697821504912,-28.0314496541829,-6.02262267146005,-81.0920173505651,43.316675299294,-64.8533584940641,48.2583614296638,-52.5027871104527,-75.1280204456292,-62.2320653988698,-7.80639844399721,-7.4786248735875,-87.0740307089265,-48.7815501662402,-58.4805373000231,-45.5375340177005,"Sep"
"X1010.87112216351.5",1930-09-11,1010.87112216351,364.225122163507,NA,NA,NA,NA,NA,NA,NA,NA,NA,NA,NA,NA,NA,NA,NA,NA,NA,NA,NA,NA,NA,NA,NA,"Sep"
"X930.43363382033.2",1930-09-12,930.43363382033,283.78763382033,NA,NA,NA,NA,NA,NA,NA,NA,NA,NA,NA,NA,NA,NA,NA,NA,NA,NA,NA,NA,NA,NA,NA,"Sep"
"X1120.12203916693.2",1930-09-13,1120.12203916693,473.476039166926,NA,NA,NA,NA,NA,NA,NA,NA,NA,NA,NA,NA,NA,NA,NA,NA,NA,NA,NA,NA,NA,NA,NA,"Sep"
"X1158.53994404725.1",1930-09-14,1158.53994404725,511.893944047249,-85.9290814252517,-94.6403834600763,-46.4604290456143,-53.7133863811978,-47.4504956171343,52.5368101824106,18.4134574596872,-20.4988074683184,-28.5905972696214,-22.4134916585546,-87.0772501143941,49.0541129182173,-53.3505383421956,48.2498680344611,-30.6025862283034,-81.7772048462635,-58.272289681736,3.46578216190681,-4.88421260346111,-89.6512628307216,-71.5978032642621,-68.8119313655127,-58.0562910881595,"Sep"
"X1063.69574137395.1",1930-09-15,1063.69574137395,417.049741373951,NA,NA,NA,NA,NA,NA,NA,NA,NA,NA,NA,NA,NA,NA,NA,NA,NA,NA,NA,NA,NA,NA,NA,"Sep"
"X1063.69574137395.2",1930-09-16,1063.69574137395,417.049741373951,NA,NA,NA,NA,NA,NA,NA,NA,NA,NA,NA,NA,NA,NA,NA,NA,NA,NA,NA,NA,NA,NA,NA,"Sep"
"X1027.67895554865.2",1930-09-17,1027.67895554865,381.032955548648,NA,NA,NA,NA,NA,NA,NA,NA,NA,NA,NA,NA,NA,NA,NA,NA,NA,NA,NA,NA,NA,NA,NA,"Sep"
"X994.063288778365.3",1930-09-18,994.063288778365,347.417288778365,NA,NA,NA,NA,NA,NA,NA,NA,NA,NA,NA,NA,NA,NA,NA,NA,NA,NA,NA,NA,NA,NA,NA,"Sep"
"X930.43363382033.3",1930-09-19,930.43363382033,283.78763382033,NA,NA,NA,NA,NA,NA,NA,NA,NA,NA,NA,NA,NA,NA,NA,NA,NA,NA,NA,NA,NA,NA,NA,"Sep"
"X854.798383587193.3",1930-09-20,854.798383587193,208.152383587193,NA,NA,NA,NA,NA,NA,NA,NA,NA,NA,NA,NA,NA,NA,NA,NA,NA,NA,NA,NA,NA,NA,NA,"Sep"
"X914.826359962698.2",1930-09-21,914.826359962698,268.180359962698,NA,NA,NA,NA,NA,NA,NA,NA,NA,NA,NA,NA,NA,NA,NA,NA,NA,NA,NA,NA,NA,NA,NA,"Sep"
"X930.43363382033.4",1930-09-22,930.43363382033,283.78763382033,NA,NA,NA,NA,NA,NA,NA,NA,NA,NA,NA,NA,NA,NA,NA,NA,NA,NA,NA,NA,NA,NA,NA,"Sep"
"X1027.67895554865.3",1930-09-23,1027.67895554865,381.032955548648,NA,NA,NA,NA,NA,NA,NA,NA,NA,NA,NA,NA,NA,NA,NA,NA,NA,NA,NA,NA,NA,NA,NA,"Sep"
"X1045.6873484613",1930-09-24,1045.6873484613,399.0413484613,NA,NA,NA,NA,NA,NA,NA,NA,NA,NA,NA,NA,NA,NA,NA,NA,NA,NA,NA,NA,NA,NA,NA,"Sep"
"X1010.87112216351.6",1930-09-25,1010.87112216351,364.225122163507,NA,NA,NA,NA,NA,NA,NA,NA,NA,NA,NA,NA,NA,NA,NA,NA,NA,NA,NA,NA,NA,NA,NA,"Sep"
"X946.040907677961.3",1930-09-26,946.040907677961,299.394907677961,NA,NA,NA,NA,NA,NA,NA,NA,NA,NA,NA,NA,NA,NA,NA,NA,NA,NA,NA,NA,NA,NA,NA,"Sep"
"X994.063288778365.4",1930-09-27,994.063288778365,347.417288778365,NA,NA,NA,NA,NA,NA,NA,NA,NA,NA,NA,NA,NA,NA,NA,NA,NA,NA,NA,NA,NA,NA,NA,"Sep"
"X977.255455393224.6",1930-09-28,977.255455393224,330.609455393224,NA,NA,NA,NA,NA,NA,NA,NA,NA,NA,NA,NA,NA,NA,NA,NA,NA,NA,NA,NA,NA,NA,NA,"Sep"
"X946.040907677961.4",1930-09-29,946.040907677961,299.394907677961,NA,NA,NA,NA,NA,NA,NA,NA,NA,NA,NA,NA,NA,NA,NA,NA,NA,NA,NA,NA,NA,NA,NA,"Sep"
"X946.040907677961.5",1930-09-30,946.040907677961,299.394907677961,NA,NA,NA,NA,NA,NA,NA,NA,NA,NA,NA,NA,NA,NA,NA,NA,NA,NA,NA,NA,NA,NA,NA,"Sep"
"X883.611812247436.2",1930-10-01,883.611812247436,311.221812247436,NA,NA,NA,NA,NA,NA,NA,NA,NA,NA,NA,NA,NA,NA,NA,NA,NA,NA,NA,NA,NA,NA,NA,"Oct"
"X899.219086105067.3",1930-10-02,899.219086105067,326.829086105067,NA,NA,NA,NA,NA,NA,NA,NA,NA,NA,NA,NA,NA,NA,NA,NA,NA,NA,NA,NA,NA,NA,NA,"Oct"
"X869.205097917314.4",1930-10-03,869.205097917314,296.815097917314,NA,NA,NA,NA,NA,NA,NA,NA,NA,NA,NA,NA,NA,NA,NA,NA,NA,NA,NA,NA,NA,NA,NA,"Oct"
"X785.165930991607.1",1930-10-04,785.165930991607,212.775930991607,NA,NA,NA,NA,NA,NA,NA,NA,NA,NA,NA,NA,NA,NA,NA,NA,NA,NA,NA,NA,NA,NA,NA,"Oct"
"X713.132359341001",1930-10-05,713.132359341001,154.7,NA,NA,NA,NA,NA,NA,NA,NA,NA,NA,NA,NA,NA,NA,NA,NA,NA,NA,NA,NA,NA,NA,NA,"Oct"
"X869.205097917314.5",1930-10-06,869.205097917314,296.815097917314,NA,NA,NA,NA,NA,NA,NA,NA,NA,NA,NA,NA,NA,NA,NA,NA,NA,NA,NA,NA,NA,NA,NA,"Oct"
"X825.984954926951",1930-10-07,825.984954926951,253.594954926951,NA,NA,NA,NA,NA,NA,NA,NA,NA,NA,NA,NA,NA,NA,NA,NA,NA,NA,NA,NA,NA,NA,NA,"Oct"
"X759.954180913895",1930-10-08,759.954180913895,187.564180913895,NA,NA,NA,NA,NA,NA,NA,NA,NA,NA,NA,NA,NA,NA,NA,NA,NA,NA,NA,NA,NA,NA,NA,"Oct"
"X840.391669257072.1",1930-10-09,840.391669257072,268.001669257072,NA,NA,NA,NA,NA,NA,NA,NA,NA,NA,NA,NA,NA,NA,NA,NA,NA,NA,NA,NA,NA,NA,NA,"Oct"
"X759.954180913895.1",1930-10-10,759.954180913895,187.564180913895,NA,NA,NA,NA,NA,NA,NA,NA,NA,NA,NA,NA,NA,NA,NA,NA,NA,NA,NA,NA,NA,NA,NA,"Oct"
"X914.826359962698.3",1930-10-11,914.826359962698,342.436359962698,NA,NA,NA,NA,NA,NA,NA,NA,NA,NA,NA,NA,NA,NA,NA,NA,NA,NA,NA,NA,NA,NA,NA,"Oct"
"X883.611812247436.3",1930-10-12,883.611812247436,311.221812247436,NA,NA,NA,NA,NA,NA,NA,NA,NA,NA,NA,NA,NA,NA,NA,NA,NA,NA,NA,NA,NA,NA,NA,"Oct"
"X840.391669257072.2",1930-10-13,840.391669257072,268.001669257072,NA,NA,NA,NA,NA,NA,NA,NA,NA,NA,NA,NA,NA,NA,NA,NA,NA,NA,NA,NA,NA,NA,NA,"Oct"
"X854.798383587193.4",1930-10-14,854.798383587193,282.408383587193,NA,NA,NA,NA,NA,NA,NA,NA,NA,NA,NA,NA,NA,NA,NA,NA,NA,NA,NA,NA,NA,NA,NA,"Oct"
"X798.372085794218.1",1930-10-15,798.372085794218,225.982085794218,NA,NA,NA,NA,NA,NA,NA,NA,NA,NA,NA,NA,NA,NA,NA,NA,NA,NA,NA,NA,NA,NA,NA,"Oct"
"X811.578240596829.1",1930-10-16,811.578240596829,239.188240596829,NA,NA,NA,NA,NA,NA,NA,NA,NA,NA,NA,NA,NA,NA,NA,NA,NA,NA,NA,NA,NA,NA,NA,"Oct"
"X825.984954926951.1",1930-10-17,825.984954926951,253.594954926951,NA,NA,NA,NA,NA,NA,NA,NA,NA,NA,NA,NA,NA,NA,NA,NA,NA,NA,NA,NA,NA,NA,NA,"Oct"
"X930.43363382033.5",1930-10-18,930.43363382033,358.04363382033,NA,NA,NA,NA,NA,NA,NA,NA,NA,NA,NA,NA,NA,NA,NA,NA,NA,NA,NA,NA,NA,NA,NA,"Oct"
"X883.611812247436.4",1930-10-19,883.611812247436,311.221812247436,NA,NA,NA,NA,NA,NA,NA,NA,NA,NA,NA,NA,NA,NA,NA,NA,NA,NA,NA,NA,NA,NA,NA,"Oct"
"X914.826359962698.4",1930-10-20,914.826359962698,342.436359962698,NA,NA,NA,NA,NA,NA,NA,NA,NA,NA,NA,NA,NA,NA,NA,NA,NA,NA,NA,NA,NA,NA,NA,"Oct"
"X946.040907677961.6",1930-10-21,946.040907677961,373.650907677961,NA,NA,NA,NA,NA,NA,NA,NA,NA,NA,NA,NA,NA,NA,NA,NA,NA,NA,NA,NA,NA,NA,NA,"Oct"
"X914.826359962698.5",1930-10-22,914.826359962698,342.436359962698,NA,NA,NA,NA,NA,NA,NA,NA,NA,NA,NA,NA,NA,NA,NA,NA,NA,NA,NA,NA,NA,NA,NA,"Oct"
"X883.611812247436.5",1930-10-23,883.611812247436,311.221812247436,NA,NA,NA,NA,NA,NA,NA,NA,NA,NA,NA,NA,NA,NA,NA,NA,NA,NA,NA,NA,NA,NA,NA,"Oct"
"X811.578240596829.2",1930-10-24,811.578240596829,239.188240596829,NA,NA,NA,NA,NA,NA,NA,NA,NA,NA,NA,NA,NA,NA,NA,NA,NA,NA,NA,NA,NA,NA,NA,"Oct"
"X825.984954926951.2",1930-10-25,825.984954926951,253.594954926951,NA,NA,NA,NA,NA,NA,NA,NA,NA,NA,NA,NA,NA,NA,NA,NA,NA,NA,NA,NA,NA,NA,NA,"Oct"
"X840.391669257072.3",1930-10-26,840.391669257072,268.001669257072,NA,NA,NA,NA,NA,NA,NA,NA,NA,NA,NA,NA,NA,NA,NA,NA,NA,NA,NA,NA,NA,NA,NA,"Oct"
"X930.43363382033.6",1930-10-27,930.43363382033,358.04363382033,NA,NA,NA,NA,NA,NA,NA,NA,NA,NA,NA,NA,NA,NA,NA,NA,NA,NA,NA,NA,NA,NA,NA,"Oct"
"X811.578240596829.3",1930-10-28,811.578240596829,239.188240596829,NA,NA,NA,NA,NA,NA,NA,NA,NA,NA,NA,NA,NA,NA,NA,NA,NA,NA,NA,NA,NA,NA,NA,"Oct"
"X914.826359962698.6",1930-10-29,914.826359962698,342.436359962698,NA,NA,NA,NA,NA,NA,NA,NA,NA,NA,NA,NA,NA,NA,NA,NA,NA,NA,NA,NA,NA,NA,NA,"Oct"
"X747.948585638794",1930-10-30,747.948585638794,175.558585638794,NA,NA,NA,NA,NA,NA,NA,NA,NA,NA,NA,NA,NA,NA,NA,NA,NA,NA,NA,NA,NA,NA,NA,"Oct"
"X771.959776188996.2",1930-10-31,771.959776188996,199.569776188996,NA,NA,NA,NA,NA,NA,NA,NA,NA,NA,NA,NA,NA,NA,NA,NA,NA,NA,NA,NA,NA,NA,NA,"Oct"
"X840.391669257072.4",1930-11-01,840.391669257072,275.736669257072,NA,NA,NA,NA,NA,NA,NA,NA,NA,NA,NA,NA,NA,NA,NA,NA,NA,NA,NA,NA,NA,NA,NA,"Nov"
"X914.826359962698.7",1930-11-02,914.826359962698,350.171359962698,NA,NA,NA,NA,NA,NA,NA,NA,NA,NA,NA,NA,NA,NA,NA,NA,NA,NA,NA,NA,NA,NA,NA,"Nov"
"X946.040907677961.7",1930-11-03,946.040907677961,381.385907677961,NA,NA,NA,NA,NA,NA,NA,NA,NA,NA,NA,NA,NA,NA,NA,NA,NA,NA,NA,NA,NA,NA,NA,"Nov"
"X961.648181535592.2",1930-11-04,961.648181535592,396.993181535592,NA,NA,NA,NA,NA,NA,NA,NA,NA,NA,NA,NA,NA,NA,NA,NA,NA,NA,NA,NA,NA,NA,NA,"Nov"
"X825.984954926951.3",1930-11-05,825.984954926951,261.329954926951,NA,NA,NA,NA,NA,NA,NA,NA,NA,NA,NA,NA,NA,NA,NA,NA,NA,NA,NA,NA,NA,NA,NA,"Nov"
"X961.648181535592.3",1930-11-06,961.648181535592,396.993181535592,NA,NA,NA,NA,NA,NA,NA,NA,NA,NA,NA,NA,NA,NA,NA,NA,NA,NA,NA,NA,NA,NA,NA,"Nov"
"X930.43363382033.7",1930-11-07,930.43363382033,365.77863382033,NA,NA,NA,NA,NA,NA,NA,NA,NA,NA,NA,NA,NA,NA,NA,NA,NA,NA,NA,NA,NA,NA,NA,"Nov"
"X994.063288778365.5",1930-11-08,994.063288778365,429.408288778365,NA,NA,NA,NA,NA,NA,NA,NA,NA,NA,NA,NA,NA,NA,NA,NA,NA,NA,NA,NA,NA,NA,NA,"Nov"
"X914.826359962698.8",1930-11-09,914.826359962698,350.171359962698,NA,NA,NA,NA,NA,NA,NA,NA,NA,NA,NA,NA,NA,NA,NA,NA,NA,NA,NA,NA,NA,NA,NA,"Nov"
"X1010.87112216351.7",1930-11-10,1010.87112216351,446.216122163506,NA,NA,NA,NA,NA,NA,NA,NA,NA,NA,NA,NA,NA,NA,NA,NA,NA,NA,NA,NA,NA,NA,NA,"Nov"
"X994.063288778365.6",1930-11-11,994.063288778365,429.408288778365,NA,NA,NA,NA,NA,NA,NA,NA,NA,NA,NA,NA,NA,NA,NA,NA,NA,NA,NA,NA,NA,NA,NA,"Nov"
"X977.255455393224.7",1930-11-12,977.255455393224,412.600455393224,NA,NA,NA,NA,NA,NA,NA,NA,NA,NA,NA,NA,NA,NA,NA,NA,NA,NA,NA,NA,NA,NA,NA,"Nov"
"X930.43363382033.8",1930-11-13,930.43363382033,365.77863382033,NA,NA,NA,NA,NA,NA,NA,NA,NA,NA,NA,NA,NA,NA,NA,NA,NA,NA,NA,NA,NA,NA,NA,"Nov"
"X914.826359962698.9",1930-11-14,914.826359962698,350.171359962698,NA,NA,NA,NA,NA,NA,NA,NA,NA,NA,NA,NA,NA,NA,NA,NA,NA,NA,NA,NA,NA,NA,NA,"Nov"
"X994.063288778365.7",1930-11-15,994.063288778365,429.408288778365,NA,NA,NA,NA,NA,NA,NA,NA,NA,NA,NA,NA,NA,NA,NA,NA,NA,NA,NA,NA,NA,NA,NA,"Nov"
"X977.255455393224.8",1930-11-16,977.255455393224,412.600455393224,NA,NA,NA,NA,NA,NA,NA,NA,NA,NA,NA,NA,NA,NA,NA,NA,NA,NA,NA,NA,NA,NA,NA,"Nov"
"X1063.69574137395.3",1930-11-17,1063.69574137395,499.040741373951,NA,NA,NA,NA,NA,NA,NA,NA,NA,NA,NA,NA,NA,NA,NA,NA,NA,NA,NA,NA,NA,NA,NA,"Nov"
"X1320.61548026111",1930-11-18,1320.61548026111,755.960480261113,-78.8325799513273,-82.6563440580073,-71.9838454736714,-30.9534280748668,-35.7874035192164,10.2621514844837,10.9188289046097,12.2810819478772,-23.9857824723592,4.02430353769093,-74.9167768912363,35.4987334362529,-64.9791658946829,40.315518934597,-60.0120699736047,-67.1782881591615,-60.2569891461455,-13.4388977742767,-7.86592227838946,-82.5712702745857,-31.0169761239193,-48.8653549387091,-35.0006215794391,"Nov"
"X1139.33099160709.2",1930-11-19,1139.33099160709,574.675991607087,-82.4288344456614,-91.3617323559925,-50.1323487488282,-46.451516613314,-45.2141547654018,35.5814624575149,14.950693134055,-13.1404742535512,-25.5618482108024,-16.5892321372901,-81.9016196041434,41.60002618587,-52.4758953001988,42.2032035046061,-30.7920897369651,-76.3864857046899,-54.2276574130699,1.18605824909279,-2.58403405980254,-86.2546938338668,-59.9093005565337,-62.0101531512117,-50.5883083458303,"Nov"
"X994.063288778365.8",1930-11-20,994.063288778365,429.408288778365,NA,NA,NA,NA,NA,NA,NA,NA,NA,NA,NA,NA,NA,NA,NA,NA,NA,NA,NA,NA,NA,NA,NA,"Nov"
"X914.826359962698.10",1930-11-21,914.826359962698,350.171359962698,NA,NA,NA,NA,NA,NA,NA,NA,NA,NA,NA,NA,NA,NA,NA,NA,NA,NA,NA,NA,NA,NA,NA,"Nov"
"X961.648181535592.4",1930-11-22,961.648181535592,396.993181535592,NA,NA,NA,NA,NA,NA,NA,NA,NA,NA,NA,NA,NA,NA,NA,NA,NA,NA,NA,NA,NA,NA,NA,"Nov"
"X1027.67895554865.4",1930-11-23,1027.67895554865,463.023955548648,NA,NA,NA,NA,NA,NA,NA,NA,NA,NA,NA,NA,NA,NA,NA,NA,NA,NA,NA,NA,NA,NA,NA,"Nov"
"X946.040907677961.8",1930-11-24,946.040907677961,381.385907677961,NA,NA,NA,NA,NA,NA,NA,NA,NA,NA,NA,NA,NA,NA,NA,NA,NA,NA,NA,NA,NA,NA,NA,"Nov"
"X1063.69574137395.4",1930-11-25,1063.69574137395,499.040741373951,NA,NA,NA,NA,NA,NA,NA,NA,NA,NA,NA,NA,NA,NA,NA,NA,NA,NA,NA,NA,NA,NA,NA,"Nov"
"X1081.7041342866.3",1930-11-26,1081.7041342866,517.049134286603,-83.1155786188581,-93.4933092757013,-35.2650708834624,-51.2915240278496,-45.528568126458,46.5521719756894,16.5257431081917,-21.705446916709,-25.4492695006484,-22.8940111171489,-84.6082039531282,43.7122265065848,-45.1362870797125,42.2860499329475,-19.5031806875284,-79.2062537809956,-51.7413715752345,5.90310132321513,-2.68635299374393,-87.3601503033188,-69.7350859455921,-66.2248394919113,-55.7274552317451,"Nov"
"X1045.6873484613.1",1930-11-27,1045.6873484613,481.0323484613,NA,NA,NA,NA,NA,NA,NA,NA,NA,NA,NA,NA,NA,NA,NA,NA,NA,NA,NA,NA,NA,NA,NA,"Nov"
"X1236.57631333541",1930-11-28,1236.57631333541,671.921313335406,-81.7670697406033,-88.5779191555096,-64.2085266290639,-38.8303136012959,-41.0631483800928,19.2860220276015,16.5107037447462,1.33208797241428,-25.0286206120268,-4.98027671829541,-78.119432510451,38.4751422929672,-60.4428806088601,42.0518868761607,-46.4150267735155,-72.149537510996,-57.4455125478349,-6.37853314073625,-4.67330515140402,-84.9146069740259,-44.1129305093366,-55.7134598710169,-42.1831638289758,"Nov"
"X1404.65464718682",1930-11-29,1404.65464718682,839.99964718682,-73.5503511253569,-73.1581764031868,-76.1454124093135,-25.1555832518384,-29.9870597688135,12.604198094609,3.10267397186966,18.7713849497115,-22.6953753918669,8.93360536247468,-69.6261949886104,32.2319644243273,-66.4258748537325,37.5861212159874,-64.8238309882185,-60.2083488265595,-61.3192304267027,-17.0976290314097,-11.8106224805338,-76.8323735423248,-22.4556155527138,-40.6140525593905,-28.5606865625682,"Nov"
"X961.648181535592.5",1930-11-30,961.648181535592,396.993181535592,NA,NA,NA,NA,NA,NA,NA,NA,NA,NA,NA,NA,NA,NA,NA,NA,NA,NA,NA,NA,NA,NA,NA,"Nov"
"X1010.87112216351.8",1930-12-01,1010.87112216351,316.268122163507,NA,NA,NA,NA,NA,NA,NA,NA,NA,NA,NA,NA,NA,NA,NA,NA,NA,NA,NA,NA,NA,NA,NA,"Dec"
"X1044.48678893379",1930-12-02,1044.48678893379,349.883788933789,NA,NA,NA,NA,NA,NA,NA,NA,NA,NA,NA,NA,NA,NA,NA,NA,NA,NA,NA,NA,NA,NA,NA,"Dec"
"X1200.5595275101",1930-12-03,1200.5595275101,505.956527510103,-87.2615832973776,-95.2801242898243,-50.7596956970334,-55.2891890287524,-48.5368480997341,56.7766073232452,19.6215165686437,-20.210567119094,-30.3168774769795,-22.4500619365296,-88.3737431921813,52.4470769204784,-56.830654792051,51.9497022782087,-35.3260839505764,-83.1917933098471,-61.2864959729524,2.32729020587191,-6.13516040822766,-90.7438119863972,-73.1248850393445,-70.3953452938449,-59.5926183281796,"Dec"
"X1080.50357475909",1930-12-04,1080.50357475909,385.900574759092,NA,NA,NA,NA,NA,NA,NA,NA,NA,NA,NA,NA,NA,NA,NA,NA,NA,NA,NA,NA,NA,NA,NA,"Dec"
"X930.43363382033.9",1930-12-05,930.43363382033,235.83063382033,NA,NA,NA,NA,NA,NA,NA,NA,NA,NA,NA,NA,NA,NA,NA,NA,NA,NA,NA,NA,NA,NA,NA,"Dec"
"X994.063288778365.9",1930-12-06,994.063288778365,299.460288778365,NA,NA,NA,NA,NA,NA,NA,NA,NA,NA,NA,NA,NA,NA,NA,NA,NA,NA,NA,NA,NA,NA,NA,"Dec"
"X977.255455393224.9",1930-12-07,977.255455393224,282.652455393224,NA,NA,NA,NA,NA,NA,NA,NA,NA,NA,NA,NA,NA,NA,NA,NA,NA,NA,NA,NA,NA,NA,NA,"Dec"
"X1063.69574137395.5",1930-12-08,1063.69574137395,369.092741373951,NA,NA,NA,NA,NA,NA,NA,NA,NA,NA,NA,NA,NA,NA,NA,NA,NA,NA,NA,NA,NA,NA,NA,"Dec"
"X1344.62667081131.2",1930-12-09,1344.62667081131,650.023670811315,-85.318139052743,-90.5430788682891,-72.544791818938,-43.108562019289,-44.8497036274184,31.3382940258912,10.4968254581757,3.3732879707097,-29.5369560175858,-4.83427250024736,-82.0668174615474,45.3482914668031,-67.8213602606895,52.0161875145371,-57.5128131081444,-76.0094705688206,-65.02366631111,-9.80002349169272,-9.95716196319529,-87.9381618366571,-49.2504371867603,-58.7719664562294,-46.0556315645849,"Dec"
"X1212.5651227852.2",1930-12-10,1212.5651227852,517.962122785204,-87.0479120337305,-94.8542524844909,-52.996609924374,-54.2934160041496,-48.4583608562022,54.4720621831134,19.2958061191221,-18.3796426066122,-30.3101582193162,-21.1196121594456,-87.8035464106881,52.0395606320978,-57.9110969600515,51.9926937935238,-37.0749419286817,-82.5982095776936,-61.566353677377,1.38171283684761,-6.10307361339691,-90.4683349720394,-71.1205195347533,-69.5282035667818,-58.5380344094076,"Dec"
"X1260.58750388561.1",1930-12-11,1260.58750388561,565.984503885608,-86.2803026944059,-93.2618493217184,-61.4054545854887,-50.3312796811856,-48.1128233025988,45.1740051091567,17.0258470063146,-10.8071788658569,-30.2568045340192,-15.665912122929,-85.6797973094345,50.0974871714304,-61.983144838224,52.1180717672588,-44.1235178992319,-80.3091026555343,-62.7157199915213,-2.48294755226468,-6.29461355580726,-89.4633658950645,-63.2154378429315,-66.0014105418806,-54.3051678155246,"Dec"
"X1452.67702828722",1930-12-12,1452.67702828722,758.074028287224,-82.2280011146797,-84.2234221565005,-79.0616816731466,-33.2918284759723,-38.2842110788727,18.6852920630837,3.2455577107519,19.455324435701,-28.0751657926439,7.87865365669316,-77.9963293883504,40.8148461873754,-71.7746891145339,50.4690554577415,-69.4584596809204,-69.9846538935057,-67.1293388504958,-18.4278870847158,-14.2305950917412,-85.2594197687693,-32.4192651111988,-49.6645407025049,-36.4932027411888,"Dec"
"X1584.73857631334",1930-12-13,1584.73857631334,890.135576313335,-73.6967850222803,-67.9405778778672,-82.7934057044461,-24.8554967113324,-29.2522030981022,7.23933034926399,-8.30739766239134,31.5682618947419,-23.7215039021008,12.6543339849342,-68.4323077828685,29.5364799197596,-71.4082309327234,35.5546312083092,-71.9365495833424,-57.3594822333247,-66.636918827766,-22.6661051023332,-22.9081660733376,-74.908283221179,-21.9576612966893,-32.7430916425316,-26.7270795318272,"Dec"
"X1608.74976686354.1",1930-12-14,1608.74976686354,914.146766863538,-71.9611389448181,-64.3726556017513,-82.5030408851329,-23.662266092008,-27.6003713984159,4.39380957853356,-10.4375942190938,33.7050699717776,-23.1516201434638,13.0429897411548,-66.0923998711272,26.5895049766915,-71.0025974761478,32.2677436179213,-72.3455449739866,-54.5414521227749,-66.2297385020906,-23.2941411979179,-24.8269392167109,-72.6525337808488,-20.8324514800499,-28.806665001487,-25.0605689390267,"Dec"
"X1560.72738576313",1930-12-15,1560.72738576313,866.124385763134,-75.406869848541,-71.3959591548147,-82.2513857927722,-26.0554831959707,-30.9281580307065,9.44016495406724,-6.17124339522637,29.6708584233447,-24.751668951218,12.5507620216035,-70.5301485651874,32.2506440789623,-71.7263504482945,39.3385416605728,-72.1584941909979,-60.0540827477189,-66.9167817735806,-22.3642521979675,-20.9703380131163,-77.2377120309734,-23.0927125723614,-36.4886350866795,-28.4295615415567,"Dec"
"X1440.67143301212",1930-12-16,1440.67143301212,746.068433012123,-82.7461768297811,-85.1923360742226,-78.6051516237548,-34.4488066177742,-39.0448389957494,19.7138754599788,4.20678062603345,17.9059571512123,-28.2520472956316,6.65648338489898,-78.4192877490103,41.1919683118654,-71.4907936748263,50.7833158367147,-68.3520915620793,-70.708538849139,-66.9361171678179,-17.5093914034241,-13.8934769588505,-85.6358479827471,-34.198804918148,-50.6685401654532,-37.4517058142342,"Dec"
"X1704.79452906435",1930-12-17,1704.79452906435,1010.19152906435,-65.4005450778318,-50.2997885339742,-79.5224497165666,-19.065563854667,-21.7548331189076,-7.69102943325171,-18.3177543418641,43.4619714543772,-21.8684845575712,15.1999320612647,-56.699085273213,14.9358787550474,-68.9165398140796,21.0136274651667,-74.622954466429,-43.4685659333802,-64.1114476343172,-26.3428441355055,-31.5816971692583,-64.232755489094,-16.6778415990666,-12.3919027058049,-18.9380330689709,"Dec"
"X1584.73857631334.1",1930-12-18,1584.73857631334,890.135576313335,-73.6967850222803,-67.9405778778672,-82.7934057044461,-24.8554967113324,-29.2522030981022,7.23933034926399,-8.30739766239134,31.5682618947419,-23.7215039021008,12.6543339849342,-68.4323077828685,29.5364799197596,-71.4082309327234,35.5546312083092,-71.9365495833424,-57.3594822333247,-66.636918827766,-22.6661051023332,-22.9081660733376,-74.908283221179,-21.9576612966893,-32.7430916425316,-26.7270795318272,"Dec"
"X1139.33099160709.3",1930-12-19,1139.33099160709,444.727991607087,NA,NA,NA,NA,NA,NA,NA,NA,NA,NA,NA,NA,NA,NA,NA,NA,NA,NA,NA,NA,NA,NA,NA,"Dec"
"X1152.5371464097",1930-12-20,1152.5371464097,457.934146409699,NA,NA,NA,NA,NA,NA,NA,NA,NA,NA,NA,NA,NA,NA,NA,NA,NA,NA,NA,NA,NA,NA,NA,"Dec"
"X1356.63226608642",1930-12-21,1356.63226608642,662.029266086416,-85.2101870774969,-90.1815518708804,-73.6146799456525,-42.1015967721288,-44.1610522642206,29.502473221116,9.88703464319349,5.43828141450911,-29.3930486976909,-3.1996109196475,-81.5849154932935,44.6988134994732,-68.4555129746477,52.0008890246746,-59.0987958690578,-75.4149000043786,-65.3054840159368,-10.8004188437559,-10.5953655148671,-87.7489991164455,-47.2789843984396,-57.7530367892463,-44.8735791769108,"Dec"
"X1800.83929126515",1930-12-22,1800.83929126515,1106.23629126515,-58.6877000245835,-38.4807901596247,-76.4524683882948,-15.5698304250549,-20.5287374322189,-24.2311239662632,-24.4438392570321,50.7322901065663,-18.9581139215425,12.7772716657636,-49.0273820978995,4.99101525406469,-63.5207989538103,7.56753653346912,-72.6258261656443,-35.0897075966172,-59.6588009066529,-28.8982720140402,-34.3284467797981,-55.443316181668,-14.4067366657643,0.874511052046266,-15.8699131490689,"Dec"
"X2064.96238731738",1930-12-23,2064.96238731738,1370.35938731738,-39.9105384557158,-9.05262452785838,-69.3499336083292,-7.91381258357595,-17.5740091716893,-59.4451110453872,-33.690831963532,65.6852944578277,-10.6863220193345,3.85992723463317,-31.3869512856634,-25.5372861280517,-46.7477222840349,-30.6177052476249,-64.9384361063402,-15.6974285083543,-46.5270610808596,-36.4798781047504,-37.708534134217,-32.0990446459511,-9.27695408039321,36.8885156626249,-10.448696818535,"Dec"
"X2521.17500777122",1930-12-24,2521.17500777122,1826.57200777122,-4.84000143757043,7.48848343424885,-56.0780210875817,-3.86448331151425,-12.3950598046716,-71.137347134329,-31.3808083199643,65.4324464519057,12.5958087699175,18.8112850386305,-13.4548131065418,-51.8769017743935,-14.8353772055722,-55.565458100396,-42.2965169692385,-5.65718612268915,-19.3587802306506,-41.1043737675114,-32.3671304055685,-5.83521247861773,-3.83217783374871,49.0030377305424,-6.79205367290966,"Dec"
"X2185.01834006839",1930-12-25,2185.01834006839,1490.41534006839,-29.2155547160115,1.05484882158438,-66.4707565753228,-5.22691805189326,-16.0649098990388,-71.0860742491745,-33.6603677726124,69.4391991294283,-2.64276160001265,5.47258935077977,-24.2364979455413,-38.5975049374646,-36.9519554873022,-45.1117951033492,-59.8123892600688,-9.26195677260433,-38.4385330000634,-39.4014274153331,-38.1382662688988,-21.4595401447639,-7.64500868875899,47.889748060221,-9.24354798056871,"Dec"
"X1668.77774323904",1930-12-26,1668.77774323904,974.174743239043,-67.7731875225724,-55.3239188176516,-80.646019291699,-20.7037347294411,-23.5729737251294,-3.16328130780912,-15.6135009079239,39.7463511718941,-22.5283337692734,14.5298881460577,-60.0123521229224,18.8948499373016,-69.9077754800394,25.0163331211083,-74.1932059083801,-47.3632226606134,-65.0639917740141,-25.356660193702,-29.397028744761,-67.3134394263909,-18.0616523572388,-18.3588250733798,-20.9907139098786,"Dec"
"X5702.65775567299",1930-12-27,5702.65775567299,5008.05475567299,NA,NA,NA,NA,NA,NA,NA,NA,NA,NA,NA,NA,NA,NA,NA,NA,NA,NA,NA,NA,NA,NA,NA,"Dec"
"X3481.6226297793",1930-12-28,3481.6226297793,2787.0196297793,NA,NA,NA,NA,NA,NA,NA,NA,NA,NA,NA,NA,NA,NA,NA,NA,NA,NA,NA,NA,NA,NA,NA,"Dec"
"X2305.0742928194.2",1930-12-29,2305.0742928194,1610.4712928194,-19.7037464795807,4.61504851062172,-62.5242121460256,-4.58114822502588,-14.6193319727572,-71.9336010769878,-33.2067306413013,67.9170230635271,2.16403706195311,8.47292895279188,-19.8650873348698,-45.3684769877557,-28.0726675761938,-51.0166773825354,-53.0718831200333,-7.35707470172792,-31.141616263685,-40.7438393137921,-35.7774201790863,-14.7329154800551,-6.08444382463169,49.5504877263607,-8.30760933352537,"Dec"
"X2064.96238731738.1",1930-12-30,2064.96238731738,1370.35938731738,-39.9105384557158,-9.05262452785838,-69.3499336083292,-7.91381258357595,-17.5740091716893,-59.4451110453872,-33.690831963532,65.6852944578277,-10.6863220193345,3.85992723463317,-31.3869512856634,-25.5372861280517,-46.7477222840349,-30.6177052476249,-64.9384361063402,-15.6974285083543,-46.5270610808596,-36.4798781047504,-37.708534134217,-32.0990446459511,-9.27695408039321,36.8885156626249,-10.448696818535,"Dec"
"X2365.1022691949.3",1930-12-31,2365.1022691949,1670.4992691949,-14.9529626787053,6.13031468634234,-60.8219626501951,-4.34792350170244,-13.917557538517,-71.9946496704097,-32.9808781945298,66.7794974117422,4.53613701265331,10.1457532432633,-17.8486006046955,-48.0281576705682,-23.7577495795719,-53.2221003373184,-49.9731870852674,-6.60889401245954,-27.6313452431214,-41.2871201112849,-34.5918515897466,-11.556769547846,-5.31257508384949,49.9816464763242,-7.85730898405614,"Dec"
