date,cyear,month,lfalls_nat
0,1895,2,6600.92
0,1895,3,28980.8
0,1895,4,17098.2
0,1895,5,14797.2
0,1895,6,4613.8
0,1895,7,5265.16
0,1895,8,2356.46
0,1895,9,1846.7
0,1895,10,1372.34
0,1895,11,1572.94
0,1895,12,2664.44
0,1896,1,7542.56
0,1896,2,14112.8
0,1896,3,11882.6
0,1896,4,12283.8
0,1896,5,4000.2
0,1896,6,7127.2
0,1896,7,10951.58
0,1896,8,3898.179
0,1896,9,2492.2026
0,1896,10,13645.827
0,1896,11,7860.0078
0,1896,12,5331.4308
0,1897,1,4956.8436
0,1897,2,48610.962
0,1897,3,24226.128
0,1897,4,12812.5908
0,1897,5,26825.742
0,1897,6,7088.0724
0,1897,7,6622.5168
0,1897,8,5621.4918
0,1897,9,2761.182
0,1897,10,2295.2214
0,1897,11,3515.616
0,1897,12,9567.72
0,1898,1,18451.8
0,1898,2,10666.35
0,1898,3,18194.598
0,1898,4,18106.8156
0,1898,5,21448.908
0,1898,6,5019.1002
0,1898,7,2888.7786
0,1898,8,25050.8646
0,1898,9,2855.4876
0,1898,10,15612.6366
0,1898,11,10647.504
0,1898,12,18967.122
0,1899,1,22610.34
0,1899,2,28880.712
0,1899,3,42307.218
0,1899,4,14154.318
0,1899,5,13372.1874
0,1899,6,6682.5054
0,1899,7,2963.331
0,1899,8,2780.757
0,1899,9,2915.8812
0,1899,10,1961.7228
0,1899,11,3923.0946
0,1899,12,4948.5654
1,1900,1,10098.54
32,1900,2,17674.038
61,1900,3,22654.296
92,1900,4,10754.2404
122,1900,5,5366.7792
153,1900,6,9431.0028
183,1900,7,3439.5354
214,1900,8,2256.039
245,1900,9,1553.4882
275,1900,10,1566.0756
306,1900,11,5497.6428
336,1900,12,7358.04
367,1901,1,5888.2086
398,1901,2,3807.9612
426,1901,3,17583.372
457,1901,4,46327.248
487,1901,5,30962.682
518,1901,6,21734.5896
548,1901,7,11980.251
579,1901,8,9552.9132
610,1901,9,8614.6848
640,1901,10,4979.1402
671,1901,11,5615.541
701,1901,12,30539.862
732,1902,1,21301.65
763,1902,2,31311.738
791,1902,3,64454.076
822,1902,4,33889.32
852,1902,5,6872.499
883,1902,6,3842.046
913,1902,7,3748.5774
944,1902,8,2838.3534
975,1902,9,1901.9124
1005,1902,10,4424.112
1036,1902,11,3750.8724
1066,1902,12,25036.128
1097,1903,1,22708.998
1128,1903,2,27850.176
1156,1903,3,33084.126
1187,1903,4,35601.228
1217,1903,5,7825.0212
1248,1903,6,21663.936
1278,1903,7,16688.322
1309,1903,8,6532.326
1340,1903,9,6027.2532
1370,1903,10,4060.8972
1401,1903,11,2645.4654
1431,1903,12,3831.2568
1462,1904,1,9083.5668
1493,1904,2,17719.884
1522,1904,3,14328.63
1553,1904,4,8905.6854
1583,1904,5,10582.11
1614,1904,6,11986.7688
1644,1904,7,5594.1678
1675,1904,8,3127.5288
1706,1904,9,2034.5904
1736,1904,10,1477.413
1767,1904,11,1625.1138
1797,1904,12,3061.098
1828,1905,1,11184.966
1859,1905,2,5115.501
1887,1905,3,29152.71
1918,1905,4,8088.1632
1948,1905,5,5199.579
1979,1905,6,8467.0434
2009,1905,7,12625.632
2040,1905,8,8068.572
2071,1905,9,4138.911
2101,1905,10,3842.2566
2132,1905,11,2932.2432
2162,1905,12,14141.25
2193,1906,1,18259.236
2224,1906,2,6547.9428
2252,1906,3,19996.308
2283,1906,4,27796.392
2313,1906,5,6506.244
2344,1906,6,8854.272
2374,1906,7,5083.8354
2405,1906,8,18632.592
2436,1906,9,4977.8874
2466,1906,10,19470.348
2497,1906,11,7367.1876
2527,1906,12,13804.776
2558,1907,1,32440.77
2589,1907,2,11337.489
2617,1907,3,36969.912
2648,1907,4,17282.214
2678,1907,5,12829.212
2709,1907,6,26810.46
2739,1907,7,8270.424
2770,1907,8,4477.8258
2801,1907,9,7976.3778
2831,1907,10,4247.5968
2862,1907,11,10389.6
2892,1907,12,22765.536
2923,1908,1,30037.986
2954,1908,2,30273.642
2983,1908,3,33997.698
3014,1908,4,12034.4346
3044,1908,5,39443.382
3075,1908,6,8336.736
3105,1908,7,5566.9356
3136,1908,8,4611.87
3167,1908,9,2936.5362
3197,1908,10,3291.489
3228,1908,11,3076.569
3258,1908,12,2897.5482
3289,1909,1,8364.1842
3320,1909,2,15370.236
3348,1909,3,11526.624
3379,1909,4,19696.068
3409,1909,5,10054.989
3440,1909,6,13142.844
3470,1909,7,3100.7232
3501,1909,8,2400.9264
3532,1909,9,2038.068
3562,1909,10,2475.8352
3593,1909,11,2099.4336
3623,1909,12,4207.1238
3654,1910,1,14711.274
3685,1910,2,17644.716
3713,1910,3,11900.9898
3744,1910,4,12367.62
3774,1910,5,6441.9192
3805,1910,6,29937.06
3835,1910,7,6236.4762
3866,1910,8,2369.6496
3897,1910,9,1948.617
3927,1910,10,1747.359
3958,1910,11,1652.9076
3988,1910,12,2409.6582
4019,1911,1,13961.916
4050,1911,2,13249.251
4078,1911,3,11473.191
4109,1911,4,17580.78
4139,1911,5,5039.685
4170,1911,6,4314.6648
4200,1911,7,2525.5098
4231,1911,8,4230.522
4262,1911,9,15034.086
4292,1911,10,10009.4778
4323,1911,11,7522.4268
4353,1911,12,12680.01
4384,1912,1,8907.6888
4415,1912,2,18553.644
4444,1912,3,35659.71
4475,1912,4,17614.584
4505,1912,5,22222.998
4536,1912,6,6148.6992
4566,1912,7,9849.5352
4597,1912,8,4269.8934
4628,1912,9,8600.58
4658,1912,10,3725.0496
4689,1912,11,3916.0746
4719,1912,12,4751.2656
4750,1913,1,14724.18
4781,1913,2,7153.7202
4809,1913,3,22739.886
4840,1913,4,19405.008
4870,1913,5,15528.4614
4901,1913,6,11623.9536
4931,1913,7,4998.6396
4962,1913,8,3538.6686
4993,1913,9,2248.965
5023,1913,10,8715.762
5054,1913,11,15210.693
5084,1913,12,10390.248
5115,1914,1,23821.83
5146,1914,2,18709.218
5174,1914,3,22915.008
5205,1914,4,24256.26
5235,1914,5,11447.3088
5266,1914,6,3735.8388
5296,1914,7,3876.9624
5327,1914,8,2256.8598
5358,1914,9,1461.3372
5388,1914,10,1606.6134
5419,1914,11,1969.9362
5449,1914,12,6524.2152
5480,1915,1,34985.358
5511,1915,2,33061.608
5539,1915,3,9692.5356
5570,1915,4,5048.5572
5600,1915,5,6903.4626
5631,1915,6,23585.256
5661,1915,7,3091.8348
5692,1915,8,9738.522
5723,1915,9,7097.49
5753,1915,10,7982.6094
5784,1915,11,4428.8694
5814,1915,12,8662.896
5845,1916,1,14603.6574
5876,1916,2,18526.428
5905,1916,3,29060.262
5936,1916,4,22923.432
5966,1916,5,9094.3776
5997,1916,6,17764.596
6027,1916,7,8769.168
6058,1916,8,4252.8024
6089,1916,9,3331.3734
6119,1916,10,2911.9284
6150,1916,11,1866.537
6180,1916,12,4223.9394
6211,1917,1,11450.376
6242,1917,2,8925.849
6270,1917,3,44437.518
6301,1917,4,12936.618
6331,1917,5,6575.2074
6362,1917,6,9475.4502
6392,1917,7,5072.4252
6423,1917,8,3630.825
6454,1917,9,2061.1368
6484,1917,10,6941.16
6515,1917,11,4886.6922
6545,1917,12,2791.5732
6576,1918,1,3206.8602
6607,1918,2,35011.71
6635,1918,3,16331.652
6666,1918,4,45965.772
6696,1918,5,7346.4732
6727,1918,6,3932.793
6757,1918,7,3870.2718
6788,1918,8,3373.7742
6819,1918,9,4424.3118
6849,1918,10,1959.8328
6880,1918,11,6361.7238
6910,1918,12,15323.256
6941,1919,1,17709.408
6972,1919,2,7495.3566
7000,1919,3,15637.86
7031,1919,4,10623.5334
7061,1919,5,21306.078
7092,1919,6,8429.0706
7122,1919,7,9016.488
7153,1919,8,3742.0704
7184,1919,9,2150.7984
7214,1919,10,2921.9022
7245,1919,11,6101.5248
7275,1919,12,8411.8662
7306,1920,1,14580.9072
7337,1920,2,23772.474
7366,1920,3,39135.474
7397,1920,4,17098.236
7427,1920,5,10008.7758
7458,1920,6,9580.1724
7488,1920,7,4400.5302
7519,1920,8,8653.9104
7550,1920,9,5631.4656
7580,1920,10,3395.3418
7611,1920,11,5842.7676
7641,1920,12,11677.878
7672,1921,1,7614.4212
7703,1921,2,7329.4254
7731,1921,3,15334.11
7762,1921,4,5896.6704
7792,1921,5,25140.942
7823,1921,6,4822.9938
7853,1921,7,4867.3602
7884,1921,8,4703.5512
7915,1921,9,4510.512
7945,1921,10,2009.7018
7976,1921,11,5152.4964
8006,1921,12,13201.9362
8037,1922,1,9322.0578
8068,1922,2,20672.82
8096,1922,3,25857.684
8127,1922,4,10605.978
8157,1922,5,11193.498
8188,1922,6,8370.4752
8218,1922,7,5370.7914
8249,1922,8,2531.4768
8280,1922,9,2013.5736
8310,1922,10,1515.2022
8341,1922,11,1164.1698
8371,1922,12,2724.3054
8402,1923,1,7650.8982
8433,1923,2,14836.77
8461,1923,3,13454.154
8492,1923,4,12017.6082
8522,1923,5,6278.4288
8553,1923,6,2914.8714
8583,1923,7,2308.905
8614,1923,8,3360.2418
8645,1923,9,4569.2208
8675,1923,10,1269.3726
8706,1923,11,2386.2762
8736,1923,12,8330.8392
8767,1924,1,22726.71
8798,1924,2,10068.3918
8827,1924,3,41375.016
8858,1924,4,26866.458
8888,1924,5,47486.196
8919,1924,6,17465.544
8949,1924,7,10509.2262
8980,1924,8,3804.0732
9011,1924,9,3284.9604
9041,1924,10,8712.8838
9072,1924,11,4431.9312
9102,1924,12,5432.1516
9133,1925,1,11730.7872
9164,1925,2,28539.972
9192,1925,3,11406.0312
9223,1925,4,7005.717
9253,1925,5,12740.7762
9284,1925,6,3092.418
9314,1925,7,2713.446
9345,1925,8,1826.118
9376,1925,9,1198.395
9406,1925,10,3362.2668
9437,1925,11,8329.203
9467,1925,12,6423.435
9498,1926,1,11040.0192
9529,1926,2,28064.124
9557,1926,3,12840.4224
9588,1926,4,13574.0772
9618,1926,5,5248.5678
9649,1926,6,3086.397
9679,1926,7,3034.2384
9710,1926,8,11639.808
9741,1926,9,9562.5468
9771,1926,10,8182.2366
9802,1926,11,22270.95
9832,1926,12,15038.7408
9863,1927,1,12642.993
9894,1927,2,25607.556
9922,1927,3,16803.612
9953,1927,4,26894.052
9983,1927,5,16099.0848
10014,1927,6,10871.9766
10044,1927,7,3719.7684
10075,1927,8,3803.8572
10106,1927,9,2064.6414
10136,1927,10,15779.988
10167,1927,11,9865.3032
10197,1927,12,14371.128
10228,1928,1,7237.566
10259,1928,2,13476.618
10288,1928,3,17108.442
10319,1928,4,25542.054
10349,1928,5,24541.1856
10380,1928,6,20275.272
10410,1928,7,12219.93
10441,1928,8,7584.5322
10472,1928,9,6802.4988
10502,1928,10,3299.8266
10533,1928,11,2406.2616
10563,1928,12,5344.2666
10594,1929,1,6271.344
10625,1929,2,10208.916
10653,1929,3,29227.23
10684,1929,4,31492.638
10714,1929,5,17449.02
10745,1929,6,8236.6902
10775,1929,7,4440.8304
10806,1929,8,1744.686
10837,1929,9,1917
10867,1929,10,17723.88
10898,1929,11,15387.84
10928,1929,12,8734.068
10959,1930,1,8265.705
10990,1930,2,11361.105
11018,1930,3,13380.465
11049,1930,4,9157.05
11079,1930,5,3870.195
11110,1930,6,2673.93
11140,1930,7,1304.94
11171,1930,8,881.118
11202,1930,9,952.0035
11232,1930,10,792.1888
11263,1930,11,961.5112
11293,1930,12,1778.4
11324,1931,1,2823.619
11355,1931,2,3285.379
11383,1931,3,6461.227
11414,1931,4,16178.467
11444,1931,5,15345.219
11475,1931,6,6344.747
11505,1931,7,6172.419
11536,1931,8,4224.187
11567,1931,9,2310.691
11597,1931,10,1369.699
11628,1931,11,1080.7766
11658,1931,12,2610.939
11689,1932,1,6333.638
11720,1932,2,11972.622
11749,1932,3,17433.87
11780,1932,4,17268.198
11810,1932,5,28379.662
11841,1932,6,4011.838
11871,1932,7,3106.83
11902,1932,8,1293.954
11933,1932,9,1188.134
11963,1932,10,7014.318
11994,1932,11,20455.59
12024,1932,12,8370.998
12055,1933,1,15545.769
12086,1933,2,14497.761
12114,1933,3,25929.753
12145,1933,4,37523.361
12175,1933,5,23187.273
12206,1933,6,6272.401
12236,1933,7,5331.721
12267,1933,8,13660.977
12298,1933,9,8473.041
12328,1933,10,3735.425
12359,1933,11,2771.865
12389,1933,12,4014.769
12420,1934,1,9986.884
12451,1934,2,3169.892
12479,1934,3,12198.548
12510,1934,4,13433.236
12540,1934,5,5915.908
12571,1934,6,3854.94
12601,1934,7,1962.66
12632,1934,8,3523.908
12663,1934,9,8759.372
12693,1934,10,5313.54
12724,1934,11,3521.62
12754,1934,12,19687.172
12785,1935,1,16123.423
12816,1935,2,25064.407
12844,1935,3,18555.775
12875,1935,4,25858.239
12905,1935,5,12967.231
12936,1935,6,5240.239
12966,1935,7,4163.839
12997,1935,8,4899.119
13028,1935,9,9132.439
13058,1935,10,2252.839
13089,1935,11,7280.927
13119,1935,12,8736.407
13150,1936,1,23407.082
13181,1936,2,25048.722
13210,1936,3,77175.29
13241,1936,4,23843.986
13271,1936,5,6486.074
13302,1936,6,4515.794
13332,1936,7,3394.466
13363,1936,8,2983.25
13394,1936,9,1873.7052
13424,1936,10,5488.506
13455,1936,11,2990.3948
13485,1936,12,12525.458
13516,1937,1,36141.277
13547,1937,2,28089.805
13575,1937,3,14006.437
13606,1937,4,38171.669
13636,1937,5,15460.461
13667,1937,6,7830.397
13697,1937,7,5043.821
13728,1937,8,10086.157
13759,1937,9,6439.085
13789,1937,10,28227.293
13820,1937,11,16876.733
13850,1937,12,8807.269
13881,1938,1,8599.6
13912,1938,2,9687.232
13940,1938,3,12375.424
13971,1938,4,9534.352
14001,1938,5,10623.44
14032,1938,6,6116.392
14062,1938,7,5775.064
14093,1938,8,5272.12
14124,1938,9,2404.528
14154,1938,10,1696.496
14185,1938,11,2444.672
14215,1938,12,9897.936
14246,1939,1,8449.235
14277,1939,2,36857.771
14305,1939,3,21605.963
14336,1939,4,19788.043
14366,1939,5,8705.595
14397,1939,6,5791.099
14427,1939,7,7684.211
14458,1939,8,5492.827
14489,1939,9,1999.259
14519,1939,10,3880.931
14550,1939,11,5191.227
14580,1939,12,3164.475
14611,1940,1,3597.03
14642,1940,2,14785.87
14671,1940,3,17177.142
14702,1940,4,33613.822
14732,1940,5,11026.374
14763,1940,6,17730.11
14793,1940,7,4863.126
14824,1940,8,8206.206
14855,1940,9,8509.782
14885,1940,10,3937.734
14916,1940,11,12063.462
14946,1940,12,13897.71
14977,1941,1,12579.113
15008,1941,2,8180.849
15036,1941,3,13915.825
15067,1941,4,16928.601
15097,1941,5,4263.377
15128,1941,6,7768.177
15158,1941,7,7695.897
15189,1941,8,2614.353
15220,1941,9,1957.5722
15250,1941,10,1200.7226
15281,1941,11,1670.033
15311,1941,12,3878.369
15342,1942,1,3975.108
15373,1942,2,7262.86
15401,1942,3,13516.9
15432,1942,4,15796.996
15462,1942,5,19978.94
15493,1942,6,8606.644
15523,1942,7,4185.604
15554,1942,8,13138.132
15585,1942,9,4820.628
15615,1942,10,43345.348
15646,1942,11,10091.66
15676,1942,12,18181.3
15707,1943,1,20040.943
15738,1943,2,25935.975
15766,1943,3,22752.743
15797,1943,4,18554.679
15827,1943,5,15709.655
15858,1943,6,6820.671
15888,1943,7,4956.055
15919,1943,8,2366.975
15950,1943,9,1647.087
15980,1943,10,2006.719
16011,1943,11,3932.071
16041,1943,12,1979.159
16072,1944,1,8431.65
16103,1944,2,8275.026
16132,1944,3,28076.314
16163,1944,4,17488.386
16193,1944,5,16840.57
16224,1944,6,4857.274
16254,1944,7,2079.33
16285,1944,8,1476.858
16316,1944,9,2953.554
16346,1944,10,6179.53
16377,1944,11,2815.026
16407,1944,12,8936.882
16438,1945,1,9812.269
16469,1945,2,18795.373
16497,1945,3,20558.277
16528,1945,4,10918.829
16558,1945,5,11771.525
16589,1945,6,5446.349
16619,1945,7,4745.701
16650,1945,8,8333.805
16681,1945,9,20929.973
16711,1945,10,5366.893
16742,1945,11,8951.253
16772,1945,12,15433.365
16803,1946,1,16858.08
16834,1946,2,12771.4
16862,1946,3,18102.752
16893,1946,4,9371.64
16923,1946,5,15961.912
16954,1946,6,15084.984
16984,1946,7,4170.6
17015,1946,8,4113.088
17046,1946,9,2368.8
17076,1946,10,3563.864
17107,1946,11,2699.312
17137,1946,12,2794.472
17168,1947,1,11041.171
17199,1947,2,6164.299
17227,1947,3,12552.187
17258,1947,4,7145.331
17288,1947,5,10256.179
17319,1947,6,6784.555
17349,1947,7,6207.459
17380,1947,8,4259.539
17411,1947,9,2293.939
17441,1947,10,1537.963
17472,1947,11,5882.979
17502,1947,12,3239.923
17533,1948,1,7894.67
17564,1948,2,13896.926
17593,1948,3,18634.75
17624,1948,4,23143.67
17654,1948,5,17888.134
17685,1948,6,7807.518
17715,1948,7,5022.814
17746,1948,8,6447.198
17777,1948,9,3138.542
17807,1948,10,9351.294
17838,1948,11,11557.342
17868,1948,12,28232.494
17899,1949,1,30592.273
17930,1949,2,23730.353
17958,1949,3,12303.873
17989,1949,4,15216.809
18019,1949,5,11271.257
18050,1949,6,14171.401
18080,1949,7,19602.281
18111,1949,8,8115.273
18142,1949,9,4879.001
18172,1949,10,2735.665
18203,1949,11,5649.537
18233,1949,12,8916.177
18264,1950,1,8428.228
18295,1950,2,25213.932
18323,1950,3,18388.516
18354,1950,4,9767.02
18384,1950,5,17149.772
18415,1950,6,9991.66
18445,1950,7,3822.484
18476,1950,8,2328.94
18507,1950,9,10267.052
18537,1950,10,6570.330702
18568,1950,11,12050.26136
18598,1950,12,29441.68864
18629,1951,1,16749.25328
18660,1951,2,31450.57256
18688,1951,3,21352.10303
18719,1951,4,25574.28824
18749,1951,5,13020.39491
18780,1951,6,18283.86648
18810,1951,7,5551.004308
18841,1951,8,2977.259562
18872,1951,9,2026.905505
18902,1951,10,1558.443622
18933,1951,11,3021.834348
18963,1951,12,7792.70279
18994,1952,1,24638.19712
19025,1952,2,17839.91155
19054,1952,3,26069.96583
19085,1952,4,34136.9622
19115,1952,5,24671.06116
19146,1952,6,7483.900619
19176,1952,7,5231.707164
19207,1952,8,3608.227388
19238,1952,9,5984.508077
19268,1952,10,2331.541534
19299,1952,11,13935.25147
19329,1952,12,13094.88782
19360,1953,1,25855.81926
19391,1953,2,17229.65929
19419,1953,3,30828.81673
19450,1953,4,19193.1653
19480,1953,5,17406.42436
19511,1953,6,9361.717712
19541,1953,7,3307.722656
19572,1953,8,2482.974926
19603,1953,9,1827.404248
19633,1953,10,1407.758122
19664,1953,11,1900.318643
19694,1953,12,4087.353918
19725,1954,1,4146.075159
19756,1954,2,4675.007562
19784,1954,3,19388.59295
19815,1954,4,8657.220349
19845,1954,5,8622.576303
19876,1954,6,6168.580339
19906,1954,7,2342.864358
19937,1954,8,2696.529648
19968,1954,9,2000.210436
19998,1954,10,11256.43726
20029,1954,11,8724.355834
20059,1954,12,12407.3364
20090,1955,1,11024.90971
20121,1955,2,12511.76381
20149,1955,3,31438.34689
20180,1955,4,12803.07826
20210,1955,5,7500.224188
20241,1955,6,11998.8624
20271,1955,7,3087.271218
20302,1955,8,27805.87165
20333,1955,9,4828.830049
20363,1955,10,4198.495923
20394,1955,11,3299.018129
20424,1955,12,2404.76165
20455,1956,1,2545.239358
20486,1956,2,22964.44161
20515,1956,3,20360.95157
20546,1956,4,18074.49056
20576,1956,5,7528.90795
20607,1956,6,5957.264206
20637,1956,7,8401.201124
20668,1956,8,6310.765499
20699,1956,9,2800.926319
20729,1956,10,4536.59969
20760,1956,11,8368.947312
20790,1956,12,11405.15076
20821,1957,1,10762.36488
20852,1957,2,21902.05784
20880,1957,3,15323.20473
20911,1957,4,21204.17343
20941,1957,5,7695.460632
20972,1957,6,6072.529221
21002,1957,7,2233.731101
21033,1957,8,1255.847157
21064,1957,9,1533.470762
21094,1957,10,2645.472817
21125,1957,11,2986.01287
21155,1957,12,11561.95558
21186,1958,1,13395.9868
21217,1958,2,11832.03513
21245,1958,3,27395.41281
21276,1958,4,29066.57794
21306,1958,5,26000.4696
21337,1958,6,6476.331794
21367,1958,7,6335.108014
21398,1958,8,6998.394154
21429,1958,9,2551.278797
21459,1958,10,1951.103625
21490,1958,11,2279.561122
21520,1958,12,2345.524699
21551,1959,1,5404.766607
21582,1959,2,6812.85358
21610,1959,3,8943.339494
21641,1959,4,13008.52957
21671,1959,5,10693.22002
21702,1959,6,9041.52838
21732,1959,7,2388.520382
21763,1959,8,2414.727649
21794,1959,9,1410.634341
21824,1959,10,6795.427953
21855,1959,11,4076.13762
21885,1959,12,9169.238694
21916,1960,1,12268.08304
21947,1960,2,15482.93182
21976,1960,3,17399.60749
22007,1960,4,31663.22097
22037,1960,5,22343.68389
22068,1960,6,13476.34844
22098,1960,7,3864.124928
22129,1960,8,3422.950289
22160,1960,9,3808.397674
22190,1960,10,2053.321705
22221,1960,11,2218.31638
22251,1960,12,1814.581844
22282,1961,1,4907.185634
22313,1961,2,30910.63824
22341,1961,3,28261.78625
22372,1961,4,33051.28697
22402,1961,5,15982.84039
22433,1961,6,7574.170558
22463,1961,7,3513.444151
22494,1961,8,2658.135823
22525,1961,9,2356.344411
22555,1961,10,2629.047618
22586,1961,11,3047.592873
22616,1961,12,7625.506877
22647,1962,1,10203.85994
22678,1962,2,12818.46391
22706,1962,3,43918.54848
22737,1962,4,22772.36463
22767,1962,5,9816.280784
22798,1962,6,6782.716809
22828,1962,7,3124.461034
22859,1962,8,1797.718421
22890,1962,9,1412.942719
22920,1962,10,1742.225354
22951,1962,11,7048.15713
22981,1962,12,4031.280167
23012,1963,1,10101.97763
23043,1963,2,5364.428639
23071,1963,3,44212.45325
23102,1963,4,8572.816643
23132,1963,5,5147.755501
23163,1963,6,7085.014131
23193,1963,7,2260.418643
23224,1963,8,1495.097857
23255,1963,9,1349.300867
23285,1963,10,1101.521881
23316,1963,11,3146.890591
23346,1963,12,4539.391931
23377,1964,1,18954.0855
23408,1964,2,12126.85551
23437,1964,3,30378.86713
23468,1964,4,19262.37861
23498,1964,5,14777.4586
23529,1964,6,3200.176251
23559,1964,7,2661.199494
23590,1964,8,1583.876633
23621,1964,9,1211.097682
23651,1964,10,2682.701787
23682,1964,11,2622.150523
23712,1964,12,6207.040886
23743,1965,1,15361.15214
23774,1965,2,19316.87516
23802,1965,3,28311.62488
23833,1965,4,16887.97772
23863,1965,5,8053.083014
23894,1965,6,2759.011447
23924,1965,7,1733.896872
23955,1965,8,1421.066574
23986,1965,9,1326.784478
24016,1965,10,1823.726925
24047,1965,11,1347.693288
24077,1965,12,1477.456775
24108,1966,1,2209.476103
24139,1966,2,14028.69819
24167,1966,3,12754.58634
24198,1966,4,12529.89174
24228,1966,5,13640.53656
24259,1966,6,2791.994324
24289,1966,7,1190.185238
24320,1966,8,1020.575547
24351,1966,9,6125.798894
24381,1966,10,6848.283007
24412,1966,11,4447.772013
24442,1966,12,8156.26632
24473,1967,1,10004.88031
24504,1967,2,10779.52623
24532,1967,3,36322.01731
24563,1967,4,9545.547207
24593,1967,5,17234.72132
24624,1967,6,5172.772555
24654,1967,7,5262.485938
24685,1967,8,7082.03366
24716,1967,9,3077.76904
24746,1967,10,6139.696009
24777,1967,11,4661.719845
24807,1967,12,18459.55423
24838,1968,1,14001.27052
24869,1968,2,16278.09057
24898,1968,3,24992.16968
24929,1968,4,8762.866445
24959,1968,5,13780.35879
24990,1968,6,10958.87791
25020,1968,7,2802.153598
25051,1968,8,2225.136198
25082,1968,9,2202.706513
25112,1968,10,1808.663635
25143,1968,11,6194.173674
25173,1968,12,4452.699239
25204,1969,1,4097.262661
25235,1969,2,6948.767483
25263,1969,3,8921.2151
25294,1969,4,7590.14857
25324,1969,5,4170.690616
25355,1969,6,2395.655103
25385,1969,7,3211.407247
25416,1969,8,8987.074338
25447,1969,9,4678.910615
25477,1969,10,2520.471279
25508,1969,11,4116.175442
25538,1969,12,8263.883263
25569,1970,1,12359.39894
25600,1970,2,20922.44783
25628,1970,3,17050.57285
25659,1970,4,35241.03374
25689,1970,5,9473.202943
25720,1970,6,7009.192079
25750,1970,7,9683.424495
25781,1970,8,3945.368935
25812,1970,9,1947.885684
25842,1970,10,2150.295765
25873,1970,11,17154.11875
25903,1970,12,16426.55562
25934,1971,1,18714.574
25965,1971,2,35104.04901
25993,1971,3,21561.39182
26024,1971,4,11137.94546
26054,1971,5,16172.00237
26085,1971,6,15116.17269
26115,1971,7,3432.041209
26146,1971,8,5869.668532
26177,1971,9,7143.871173
26207,1971,10,12812.66807
26238,1971,11,8949.158285
26268,1971,12,16696.0641
26299,1972,1,10082.64796
26330,1972,2,26612.25769
26359,1972,3,27566.0369
26390,1972,4,25092.19208
26420,1972,5,25439.43062
26451,1972,6,52945.89305
26481,1972,7,17525.18821
26512,1972,8,6597.556658
26543,1972,9,2993.289308
26573,1972,10,12480.88208
26604,1972,11,21628.21466
26634,1972,12,38434.99867
26665,1973,1,17766.79485
26696,1973,2,25868.88474
26724,1973,3,18784.29964
26755,1973,4,38288.46222
26785,1973,5,19907.77073
26816,1973,6,13666.35704
26846,1973,7,5864.466965
26877,1973,8,6308.993171
26908,1973,9,4219.854958
26938,1973,10,6341.762138
26969,1973,11,7113.899896
26999,1973,12,26482.0921
27030,1974,1,25616.27725
27061,1974,2,11010.3247
27089,1974,3,11745.59695
27120,1974,4,20805.30442
27150,1974,5,10135.04561
27181,1974,6,14273.71745
27211,1974,7,4764.749042
27242,1974,8,2814.029901
27273,1974,9,3789.887278
27303,1974,10,2126.497761
27334,1974,11,2467.559484
27364,1974,12,15760.97167
27395,1975,1,14945.06902
27426,1975,2,21457.33232
27454,1975,3,32889.12142
27485,1975,4,15661.49566
27515,1975,5,20054.47196
27546,1975,6,11615.94709
27576,1975,7,8445.421584
27607,1975,8,4887.358354
27638,1975,9,25447.57318
27668,1975,10,18872.82494
27699,1975,11,10842.18573
27729,1975,12,7880.368008
27760,1976,1,24814.55013
27791,1976,2,15255.50834
27820,1976,3,11222.84633
27851,1976,4,11819.59343
27881,1976,5,5098.790279
27912,1976,6,6571.610799
27942,1976,7,3862.124614
27973,1976,8,3038.566226
28004,1976,9,2364.884438
28034,1976,10,36697.71232
28065,1976,11,10641.8747
28095,1976,12,9783.090476
28126,1977,1,3894.733193
28157,1977,2,6478.66894
28185,1977,3,22352.05369
28216,1977,4,21597.84638
28246,1977,5,4775.538897
28277,1977,6,2734.528312
28307,1977,7,2207.048526
28338,1977,8,1723.696347
28369,1977,9,1481.325847
28399,1977,10,2597.576015
28430,1977,11,14129.40003
28460,1977,12,20592.60298
28491,1978,1,23752.84393
28522,1978,2,10405.8161
28550,1978,3,42846.53928
28581,1978,4,15417.77214
28611,1978,5,29165.89097
28642,1978,6,6502.205604
28672,1978,7,8973.088004
28703,1978,8,11030.41166
28734,1978,9,3626.878905
28764,1978,10,2024.369988
28795,1978,11,2318.011961
28825,1978,12,10398.59451
28856,1979,1,29452.74533
28887,1979,2,30346.89502
28915,1979,3,35490.95657
28946,1979,4,17695.39004
28976,1979,5,15872.17582
29007,1979,6,13188.76076
29037,1979,7,5953.517571
29068,1979,8,5489.560877
29099,1979,9,20358.38777
29129,1979,10,31365.3902
29160,1979,11,17278.87336
29190,1979,12,12240.05214
29221,1980,1,16923.75796
29252,1980,2,8084.81579
29281,1980,3,23001.83938
29312,1980,4,29687.41358
29342,1980,5,23742.49021
29373,1980,6,7858.540051
29403,1980,7,4693.598347
29434,1980,8,3745.711804
29465,1980,9,1985.227346
29495,1980,10,1913.484063
29526,1980,11,3765.689933
29556,1980,12,3621.249133
29587,1981,1,2002.285794
29618,1981,2,13383.27637
29646,1981,3,7387.629967
29677,1981,4,12988.78418
29707,1981,5,9833.010754
29738,1981,6,12618.1139
29768,1981,7,4888.317446
29799,1981,8,2254.085874
29830,1981,9,3124.128257
29860,1981,10,3014.05039
29891,1981,11,3364.232202
29921,1981,12,4512.508259
29952,1982,1,8094.956165
29983,1982,2,27686.97256
30011,1982,3,27840.73341
30042,1982,4,13164.51447
30072,1982,5,7740.885584
30103,1982,6,20958.70089
30133,1982,7,6184.651953
30164,1982,8,3846.974789
30195,1982,9,2059.924452
30225,1982,10,2257.049849
30256,1982,11,3256.469095
30286,1982,12,7329.693321
30317,1983,1,4708.980492
30348,1983,2,16191.78981
30376,1983,3,25264.05555
30407,1983,4,47176.00314
30437,1983,5,23451.68087
30468,1983,6,10908.28878
30498,1983,7,3889.65537
30529,1983,8,2141.584493
30560,1983,9,1729.901595
30590,1983,10,4882.75433
30621,1983,11,9847.666357
30651,1983,12,26354.67222
30682,1984,1,9949.825802
30713,1984,2,39992.78337
30742,1984,3,34404.73142
30773,1984,4,46325.60067
30803,1984,5,20310.07894
30834,1984,6,5696.851711
30864,1984,7,7324.963289
30895,1984,8,11740.99085
30926,1984,9,3220.320905
30956,1984,10,3354.294557
30987,1984,11,6025.970783
31017,1984,12,12203.57325
31048,1985,1,7165.497117
31079,1985,2,21433.44911
31107,1985,3,13148.81238
31138,1985,4,10950.99003
31168,1985,5,9931.32272
31199,1985,6,7733.873163
31229,1985,7,4169.543553
31260,1985,8,3149.272622
31291,1985,9,1767.102315
31321,1985,10,3696.076427
31352,1985,11,43264.73622
31382,1985,12,16888.62407
31413,1986,1,6432.816642
31444,1986,2,25064.176
31472,1986,3,24772.82053
31503,1986,4,12313.18932
31533,1986,5,7501.795319
31564,1986,6,3674.884909
31594,1986,7,2989.693263
31625,1986,8,1842.61829
31656,1986,9,1656.948485
31686,1986,10,1915.548946
31717,1986,11,5299.466841
31747,1986,12,12480.5734
31778,1987,1,11458.76894
31809,1987,2,12830.11718
31837,1987,3,16548.97714
31868,1987,4,43759.88803
31898,1987,5,14915.59862
31929,1987,6,5912.038484
31959,1987,7,4385.861766
31990,1987,8,1693.317743
32021,1987,9,7516.082453
32051,1987,10,3050.767424
32082,1987,11,5989.819226
32112,1987,12,11789.15058
32143,1988,1,12901.46137
32174,1988,2,11965.92703
32203,1988,3,8800.97144
32234,1988,4,11610.78135
32264,1988,5,35085.02939
32295,1988,6,6169.268945
32325,1988,7,2808.366999
32356,1988,8,2124.869082
32387,1988,9,2564.103691
32417,1988,10,1823.703791
32448,1988,11,4490.605901
32478,1988,12,3425.654028
32509,1989,1,7930.598705
32540,1989,2,7756.663596
32568,1989,3,18766.26781
32599,1989,4,9916.532101
32629,1989,5,36378.43442
32660,1989,6,12901.8757
32690,1989,7,12288.1596
32721,1989,8,7001.735233
32752,1989,9,5574.965407
32782,1989,10,9261.633378
32813,1989,11,8471.185704
32843,1989,12,4248.918422
32874,1990,1,13761.59721
32905,1990,2,15463.50548
32933,1990,3,7140.198882
32964,1990,4,11479.05337
32994,1990,5,12716.31636
33025,1990,6,9002.551754
33055,1990,7,5869.004289
33086,1990,8,4517.691698
33117,1990,9,3205.269196
33147,1990,10,16291.83644
33178,1990,11,6774.895447
33208,1990,12,15153.69498
33239,1991,1,31725.80432
33270,1991,2,11900.96116
33298,1991,3,24015.49389
33329,1991,4,14931.61329
33359,1991,5,6163.059478
33390,1991,6,2899.759942
33420,1991,7,2855.548187
33451,1991,8,2362.166933
33482,1991,9,2056.219126
33512,1991,10,1661.417181
33543,1991,11,2148.034036
33573,1991,12,6428.496094
33604,1992,1,7782.112543
33635,1992,2,8015.903813
33664,1992,3,18788.6233
33695,1992,4,17835.3842
33725,1992,5,12532.17158
33756,1992,6,9296.165553
33786,1992,7,6807.013357
33817,1992,8,4238.708305
33848,1992,9,5130.289683
33878,1992,10,2793.126494
33909,1992,11,8545.920715
33939,1992,12,20604.01788
33970,1993,1,16510.55025
34001,1993,2,8427.886122
34029,1993,3,58078.88971
34060,1993,4,51312.71108
34090,1993,5,11680.36102
34121,1993,6,5605.370545
34151,1993,7,3336.570328
34182,1993,8,2689.000464
34213,1993,9,3334.78521
34243,1993,10,2892.523488
34274,1993,11,11472.19344
34304,1993,12,20910.4944
34335,1994,1,16935.7305
34366,1994,2,37635.23747
34394,1994,3,61828.25162
34425,1994,4,25142.8254
34455,1994,5,17079.22171
34486,1994,6,4346.892909
34516,1994,7,4287.984553
34547,1994,8,9238.628661
34578,1994,9,3535.592751
34608,1994,10,2405.341039
34639,1994,11,4444.410082
34669,1994,12,8582.324648
34700,1995,1,19953.39135
34731,1995,2,7933.376755
34759,1995,3,10003.88853
34790,1995,4,5841.67061
34820,1995,5,11098.68906
34851,1995,6,8948.615457
34881,1995,7,10311.95172
34912,1995,8,4728.157267
34943,1995,9,1751.911821
34973,1995,10,5959.536586
35004,1995,11,10685.12
35034,1995,12,11753.85306
35065,1996,1,50281.33932
35096,1996,2,21651.24739
35125,1996,3,28278.10965
35156,1996,4,19691.13247
35186,1996,5,26216.07554
35217,1996,6,20855.57979
35247,1996,7,10947.17594
35278,1996,8,20234.1085
35309,1996,9,43415.40212
35339,1996,10,16475.37384
35370,1996,11,20413.5485
35400,1996,12,34252.00216
35431,1997,1,11708.14418
35462,1997,2,17820.19068
35490,1997,3,29384.31803
35521,1997,4,9991.56211
35551,1997,5,7027.124191
35582,1997,6,10435.03694
35612,1997,7,3159.651744
35643,1997,8,2405.76024
35674,1997,9,2466.151109
35704,1997,10,2205.704244
35735,1997,11,17279.60681
35765,1997,12,7251.345417
35796,1998,1,35423.88286
35827,1998,2,55387.0442
35855,1998,3,43440.277
35886,1998,4,26358.85947
35916,1998,5,24397.8813
35947,1998,6,9280.179323
35977,1998,7,4879.895175
36008,1998,8,3211.592308
36039,1998,9,1956.720885
36069,1998,10,2038.161894
36100,1998,11,2037.644365
36130,1998,12,2126.784872
36161,1999,1,9477.049345
36192,1999,2,6102.206726
36220,1999,3,16666.45974
36251,1999,4,13187.43223
36281,1999,5,5596.801112
36312,1999,6,2263.222138
36342,1999,7,1323.263828
36373,1999,8,1313.585636
36404,1999,9,6498.780392
36434,1999,10,8296.909533
36465,1999,11,4564.414695
36495,1999,12,9612.401433
36526,2000,1,4049.637996
36557,2000,2,15806.58882
36586,2000,3,18590.73343
36617,2000,4,16185.81535
36647,2000,5,7833.714623
36678,2000,6,9076.433665
36708,2000,7,4806.787586
36739,2000,8,6355.039946
36770,2000,9,7082.552043
36800,2000,10,4170.566628
36831,2000,11,2955.368631
36861,2000,12,6969.773368
36892,2001,1,6268.768667
36923,2001,2,11567.11046
36951,2001,3,18205.93402
36982,2001,4,20326.51239
37012,2001,5,8151.578004
37043,2001,6,9260.037538
37073,2001,7,4351.847028
37104,2001,8,5516.779161
37135,2001,9,2227.481676
37165,2001,10,1508.337864
37196,2001,11,1623.218182
37226,2001,12,2302.438481
37257,2002,1,2733.36925
37288,2002,2,2686.153279
37316,2002,3,7414.764786
37347,2002,4,13279.95145
37377,2002,5,15028.3081
37408,2002,6,4393.719184
37438,2002,7,2851.196315
37469,2002,8,1855.320116
37500,2002,9,1693.899109
37530,2002,10,6000.580003
37561,2002,11,14331.4362
37591,2002,12,17307.46364
37622,2003,1,20537.15167
37653,2003,2,16402.02186
37681,2003,3,43490.60645
37712,2003,4,27572.37085
37742,2003,5,30712.15973
37773,2003,6,37473.44491
37803,2003,7,10048.24534
37834,2003,8,7844.054222
37865,2003,9,29112.77875
37895,2003,10,11623.38681
37926,2003,11,22652.10227
37956,2003,12,31152.87505
37987,2004,1,11000.48914
38018,2004,2,23469.47212
38047,2004,3,20456.98186
38078,2004,4,30737.05475
38108,2004,5,16583.77735
38139,2004,6,12042.67474
38169,2004,7,5135.903412
38200,2004,8,4674.725969
38231,2004,9,20758.62178
38261,2004,10,9559.86608
38292,2004,11,11565.87949
38322,2004,12,18855.72396
38353,2005,1,17469.90323
38384,2005,2,10164.734
38412,2005,3,24122.20241
38443,2005,4,21627.82
38473,2005,5,9765.637943
38504,2005,6,4903.669797
38534,2005,7,6847.852443
38565,2005,8,2912.521686
38596,2005,9,1752.271839
38626,2005,10,4539.307752
38657,2005,11,5049.803044
38687,2005,12,13179.10402
38718,2006,1,18842.59878
38749,2006,2,13771.94951
38777,2006,3,5756.377419
38808,2006,4,10547.29627
38838,2006,5,7428.928601
38869,2006,6,9716.51245
38899,2006,7,7161.092627
38930,2006,8,2166.16544
38961,2006,9,6461.545433
38991,2006,10,7459.204308
39022,2006,11,19726.6763
39052,2006,12,8638.936847
39083,2007,1,12288.18823
39114,2007,2,8150.921631
39142,2007,3,31101.33999
39173,2007,4,21956.954
39203,2007,5,7042.872162
39234,2007,6,3831.041169
39264,2007,7,2272.42029
39295,2007,8,3080.262574
39326,2007,9,1736.352207
39356,2007,10,2211.821271
39387,2007,11,2879.669448
39417,2007,12,9394.111121
39448,2008,1,8040.143804
39479,2008,2,14759.81348
39508,2008,3,21702.40789
39539,2008,4,20128.16194
39569,2008,5,29819.56551
39600,2008,6,8427.828299
39630,2008,7,4238.328649
39661,2008,8,2358.655296
39692,2008,9,3914.849407
39722,2008,10,2836.641566
39753,2008,11,2813.283677
39783,2008,12,14153.39278
39814,2009,1,10248.56709
39845,2009,2,7813.948293
39873,2009,3,5509.105853
39904,2009,4,17885.66127
39934,2009,5,25046.17398
39965,2009,6,14127.23674
39995,2009,7,3575.391143
40026,2009,8,3466.72941
40057,2009,9,2037.046796
40087,2009,10,4200.707175
40118,2009,11,6822.111653
40148,2009,12,23040.44627
40179,2010,1,25888.95424
40210,2010,2,14821.55456
40238,2010,3,44775.63399
40269,2010,4,13130.4014
40299,2010,5,10488.64426
40330,2010,6,5403.584671
40360,2010,7,2207.234729
40391,2010,8,1858.987133
40422,2010,9,1571.193626
40452,2010,10,4649.011803
40483,2010,11,3651.301374
40513,2010,12,8710.923303
40544,2011,1,3131.716212
40575,2011,2,10981.359
40603,2011,3,32506.6987
40634,2011,4,42340.38615
40664,2011,5,32038.99564
40695,2011,6,7656.516678
40725,2011,7,3403.483002
40756,2011,8,2361.255524
40787,2011,9,13311.93259
40817,2011,10,11042.7296
40848,2011,11,16293.53923
40878,2011,12,22674.03272
40909,2012,1,17208.32016
40940,2012,2,10421.37977
40969,2012,3,18583.74195
41000,2012,4,7692.539412
41030,2012,5,10445.5859
41061,2012,6,6381.595518
41091,2012,7,3500.338141
41122,2012,8,3783.948919
41153,2012,9,5011.061444
41183,2012,10,11156.38432
41214,2012,11,10020.67265
41244,2012,12,8210.190038
41275,2013,1,17764.30097
41306,2013,2,19018.3117
41334,2013,3,19568.91674
41365,2013,4,14873.92918
41395,2013,5,18599.6018
41426,2013,6,10336.37977
41456,2013,7,6465.546408
41487,2013,8,4126.431783
41518,2013,9,2794.941532
41548,2013,10,5970.270772
41579,2013,11,3861.922058
41609,2013,12,20138.32513
41640,2014,1,14475.3355
41671,2014,2,26760.88869
41699,2014,3,18824.38312
41730,2014,4,17557.22358
41760,2014,5,31386.08841
41791,2014,6,12137.37745
41821,2014,7,4866.773441
41852,2014,8,3366.561332
41883,2014,9,2259.04742
41913,2014,10,3883.245865
41944,2014,11,3354.121946
41974,2014,12,9788.949521
42005,2015,1,8167.534025
42036,2015,2,6711.999279
42064,2015,3,23191.16845
42095,2015,4,17986.80013
42125,2015,5,8751.982882
42156,2015,6,10659.01672
42186,2015,7,8343.191037
42217,2015,8,2646.110257
42248,2015,9,2453.236785
42278,2015,10,8014.154535
42309,2015,11,5931.278942
42339,2015,12,11776.6836
42370,2016,1,12655.38399
42401,2016,2,37173.05726
42430,2016,3,13792.58326
42461,2016,4,7141.029171
42491,2016,5,19407.18539
42522,2016,6,11191.11919
42552,2016,7,4632.554425
42583,2016,8,3672.959856
42614,2016,9,2108.988193
42644,2016,10,4320.858749
42675,2016,11,1996.652909
42705,2016,12,5135.720568
42736,2017,1,14390.87721
42767,2017,2,8711.447259
42795,2017,3,10450.83587
42826,2017,4,15139.09085
42856,2017,5,25456.96086
42887,2017,6,7995.629334
42917,2017,7,6322.039461
42948,2017,8,6275.674994
42979,2017,9,2580.808256
43009,2017,10,3447.407423
43040,2017,11,6836.094654
43070,2017,12,3111.046755
43101,2018,1,6346.00339
43132,2018,2,19898.85945
43160,2018,3,12877.17673
43191,2018,4,23026.27633
43221,2018,5,32737.38711
43252,2018,6,38486.3761
43282,2018,7,13087.60652
43313,2018,8,20458.34856
43344,2018,9,46642.72523
43374,2018,10,16932.75849
43405,2018,11,37756.71409
43435,2018,12,39754.31663
43466,2019,1,29354.37753
43497,2019,2,30888.9023
43525,2019,3,29492.59259
43556,2019,4,21751.64321
43586,2019,5,25219.75663
43617,2019,6,8155.288206
43647,2019,7,8634.527404
43678,2019,8,3901.665372
43709,2019,9,2341.342796
